ds_user_city,n_days_since_firstaccess,n_days_since_lastaccess,n_assignments_flagged,n_assignments_mapped,n_forum_discussions_posted,n_quiz_abandoned,n_quiz_finished,vl_avg_quiz_speed,vl_avg_graded_quiz_speed,vl_quiz_performance,n_interval_using,n_days_using,vl_avg_daily_activity,vl_user_engagement_by_interval,vl_user_engagement_intra_day,n_user_interactions,n_days_discussion_engagement,n_days_quiz_engagement,n_discussion_engagement,n_quiz_engagement,n_questions_answered,n_questions_rigth,n_questions_wrong,n_questions_partial,vl_user_performance,vl_avg_questions_by_day,vl_grades_engagement,n_items_graded,n_items_not_responded,vl_grade_average,n_code_submissions,vl_avg_code_submissions,vl_submissions_by_days_active,vl_questions_accuracy,vl_graded_items_engagement,is_dropout
16,466,12,0,9,9,3,2,224.0,224.0,38.888888888,454.0,196,124.7582,43.0769,289.6173,196,64,133,289,4558,20,9,5,0,1.0,0.0,0.0,1,276,1.0,0,0.0,0.0,0.45,0.0036231884057971015,0
17,466,21,0,4,11,0,4,127.5,166.3333,4.388297872,445.0,204,47.0157,45.7399,102.7892,204,34,75,208,1447,15,9,4,1,0.361878453,0.0409,0.0252,13,493,0.5897435897436,61,0.3697,3.8125,0.6,0.02636916835699797,1
16,432,1,0,0,0,0,2,213430.0,75.0,13.870967741,431.0,102,8.6088,23.6111,36.4608,102,6,35,34,550,30,10,7,12,0.43,0.0,0.0,1,254,0.43,0,0.0,0.0,0.3333333333333333,0.003937007874015748,0
17,440,0,0,35,9,0,1,20.0,20.0,3.311258278,440.0,212,45.8413,48.0726,95.3585,212,20,71,84,1750,6,1,0,0,1.0,0.0,0.0,1,309,1.0,0,0.0,0.0,0.16666666666666666,0.003236245954692557,0
2,433,71,11,27,2,0,27,134816.2593,363847.7,80.868085106,362.0,55,5.719,15.1515,37.7455,55,12,37,31,837,342,290,21,9,0.37464126,0.2092,0.1172,50,141,0.4298483933333,0,0.0,0.0,0.847953216374269,0.3546099290780142,1
8,432,361,0,10,1,3,16,41043.75,111.25,33.333333333,71.0,32,15.625,44.4444,35.1563,32,7,15,28,470,145,112,9,0,0.0,0.0,0.0,0,0,0.0,0,0.0,0.0,0.7724137931034483,0.0,1
15,431,424,0,14,0,0,1,170.0,0.0,0.0,131.0,3,0.2879,0.0,0.0,3,0,1,0,19,7,5,0,0,0.133333333,0.3061,0.1633,15,144,0.1333333333333,0,0.0,0.0,0.7142857142857143,0.10416666666666667,1
6,431,319,5,14,3,2,26,40820.1923,131692.375,80.807228915,283.0,55,7.2289,19.3662,37.3273,55,8,32,25,951,345,276,8,0,0.532771454,0.3469,0.2245,34,125,0.5887598137255,0,0.0,0.0,0.8,0.272,1
11,431,361,0,14,0,0,7,162.8571,0.0,0.0,300.0,16,1.2027,5.3156,22.625,16,0,9,0,152,49,35,0,0,0.636363636,0.1964,0.1607,11,148,0.6363636363636,0,0.0,0.0,0.7142857142857143,0.07432432432432433,1
9,410,41,0,1,3,0,8,252.375,793.5,41.88034188,369.0,51,11.7189,13.7838,85.0196,51,11,18,37,224,78,52,9,0,0.348219939,0.0235,0.0067,7,105,0.7493755714286,0,0.0,0.0,0.6666666666666666,0.06666666666666667,1
9,403,403,0,1,0,0,0,0.0,0.0,0.0,321.0,2,0.1708,0.0,0.0,2,1,0,2,0,0,0,0,0,0.0,0.0,0.0,1,2,0.0,0,0.0,0.0,0.0,0.5,1
9,386,322,0,14,0,0,2,1880.5,0.0,0.0,64.0,9,4.6769,0.0,0.0,9,0,3,0,175,82,82,0,0,1.0,0.0,0.0,8,46,1.0,0,0.0,0.0,1.0,0.17391304347826086,1
9,385,385,0,0,0,0,0,0.0,0.0,0.0,373.0,3,0.0321,0.0,0.0,3,0,0,0,0,0,0,0,0,0.924242433,0.375,0.375,3,42,0.9242424333333,0,0.0,0.0,0.0,0.07142857142857142,1
10,382,316,0,1,0,0,4,64.0,0.0,0.0,66.0,13,6.3731,19.403,32.8462,13,3,4,13,67,18,4,0,0,0.0,0.0,0.0,1,2,0.0,0,0.0,0.0,0.2222222222222222,0.5,1
9,378,378,0,0,0,0,0,0.0,0.0,0.0,0.0,1,16.0,0.0,0.0,1,0,0,0,0,0,0,0,0,0.0,0.0,0.0,0,0,0.0,0,0.0,0.0,0.0,0.0,1
19,372,67,0,0,0,0,20,197.0,225.8125,75.581395348,305.0,20,3.5163,6.5359,53.8,20,2,9,18,304,83,68,9,2,0.877593361,0.1582,0.0506,25,257,0.882,0,0.0,0.0,0.8192771084337349,0.09727626459143969,1
16,362,0,1,51,59,0,7,111.8571,93.2,5.207413945,362.0,219,113.9807,60.3306,188.9269,219,82,104,820,2081,18,13,1,1,0.884,0.0461,0.0276,10,777,0.855,7,0.0,7.0,0.7222222222222222,0.01287001287001287,0
9,355,355,0,0,0,0,1,2629.0,2629.0,0.0,273.0,4,0.4051,0.0,0.0,4,0,1,0,86,37,14,10,0,0.7674375,0.0,0.0,2,43,0.6899166666667,0,0.0,0.0,0.3783783783783784,0.046511627906976744,1
18,305,70,0,0,0,0,5,20472.2,25557.75,87.819875776,235.0,4,0.9873,0.0,0.0,4,0,3,0,175,109,94,8,5,0.90426087,0.0128,0.0085,3,63,0.9193888888889,0,0.0,0.0,0.8623853211009175,0.047619047619047616,1
1,270,62,0,12,0,0,0,0.0,0.0,0.0,208.0,3,0.1866,0.0,0.0,3,0,0,0,0,0,0,0,0,0.0,0.0,0.0,0,90,0.0,0,0.0,0.0,0.0,0.0,1
4,238,175,0,0,0,0,0,0.0,0.0,0.0,63.0,4,0.5625,0.0,0.0,4,2,0,5,0,0,0,0,0,0.0,0.0,0.0,0,0,0.0,0,0.0,0.0,0.0,0.0,1
-1,238,238,0,0,0,0,0,0.0,0.0,0.0,0.0,1,24.0,0.0,0.0,1,1,0,1,0,0,0,0,0,0.0,0.0,0.0,0,0,0.0,0,0.0,0.0,0.0,0.0,1
5,238,238,0,0,0,0,0,0.0,0.0,0.0,0.0,1,20.0,0.0,0.0,1,0,0,0,0,0,0,0,0,0.0,0.0,0.0,0,0,0.0,0,0.0,0.0,0.0,0.0,1
14,236,0,0,0,4,0,19,13757.7368,240.5333,56.363636363,236.0,61,13.0127,25.7384,50.5574,61,25,29,172,531,179,130,33,3,0.946301367,0.2373,0.0805,56,106,0.9466849285714,70,5.0,23.3333,0.7262569832402235,0.5283018867924528,0
0,236,103,0,2,3,0,24,153.5,167.6111,90.620327354,133.0,31,11.5224,23.1343,49.8065,31,13,10,82,445,97,93,8,3,0.667900557,0.1229,0.0466,29,405,0.9350340119048,0,0.0,0.0,0.9587628865979382,0.07160493827160494,1
3,233,168,0,0,0,0,17,2489.5882,2830.7143,88.472222222,72.0,16,13.2877,21.9178,60.625,16,6,12,36,490,20,45,0,0,0.958333333,0.4286,0.2143,12,50,0.9486111111111,0,0.0,0.0,2.25,0.24,1
7,229,12,0,10,0,0,5,174104.6,174104.6,41.465517241,217.0,24,11.8578,11.0092,107.7083,24,9,16,46,760,117,80,29,2,0.987301592,0.6154,0.2821,24,39,0.9870370416667,15,15.0,7.5,0.6837606837606838,0.6153846153846154,0
-1,229,12,0,0,0,0,0,0.0,0.0,0.0,217.0,4,0.2248,0.0,0.0,4,0,0,0,0,0,0,0,0,0.0,0.0,0.0,0,0,0.0,0,0.0,0.0,0.0,0.0,0
-1,213,97,0,0,0,0,3,1324.6667,1901.5,0.0,116.0,4,1.7265,0.0,0.0,4,0,1,0,151,52,46,3,1,0.8522,0.0,0.0,2,1,0.8726666666667,0,0.0,0.0,0.8846153846153846,2.0,1
12,211,34,0,0,0,0,3,752.3333,1054.0,0.0,177.0,10,1.5506,0.0,0.0,10,1,2,1,119,50,39,5,6,0.7662,0.0,0.0,2,1,0.7801666666667,0,0.0,0.0,0.78,2.0,1
-1,211,0,0,0,0,0,3,157.6667,157.6667,0.0,211.0,98,26.7972,46.2264,57.9694,98,1,1,1,79,30,23,6,1,0.928571429,0.0,0.0,10,13,0.935,0,0.0,0.0,0.7666666666666667,0.7692307692307693,0
13,193,193,0,0,0,0,0,0.0,0.0,0.0,0.0,1,16.0,0.0,0.0,1,0,0,0,0,0,0,0,0,0.0,0.0,0.0,0,0,0.0,0,0.0,0.0,0.0,0.0,1
16,175,12,0,0,0,1,3,890376.3333,890376.3333,0.0,163.0,5,0.9451,0.0,0.0,5,2,3,4,57,16,5,5,0,0.428571429,0.0,0.0,3,60,0.3333333333333,0,0.0,0.0,0.3125,0.05,0
-1,159,99,0,2,0,0,0,0.0,0.0,0.0,60.0,3,1.3443,0.0,0.0,3,1,0,3,0,0,0,0,0,0.0,0.0,0.0,0,0,0.0,0,0.0,0.0,0.0,0.0,1
-1,123,0,0,2,0,0,50,103760.5,105876.3673,81.698028226,123.0,36,27.8952,29.0323,96.0833,36,14,19,106,1340,224,192,37,13,0.946075127,0.5041,0.1405,61,98,0.9552055136612,6,1.5,3.0,0.8571428571428571,0.6224489795918368,0
-1,112,21,0,0,0,0,2,4045.0,4045.0,0.0,91.0,19,2.6739,20.6522,12.9474,19,1,1,8,73,58,48,6,1,1.0,0.0,0.0,2,61,1.0,0,0.0,0.0,0.8275862068965517,0.03278688524590164,1
-1,108,12,0,0,0,0,2,1256.0,1256.0,0.0,96.0,5,0.9691,0.0,0.0,5,1,1,1,53,58,48,6,1,1.0,0.0,0.0,1,62,1.0,0,0.0,0.0,0.8275862068965517,0.016129032258064516,0
-1,106,4,0,0,0,0,7,14671.4286,14671.4286,93.333333333,102.0,36,13.5437,34.9515,38.75,36,8,14,48,285,68,57,8,1,0.994202899,0.3415,0.1951,28,35,0.9928571428571,151,2.9038,16.7778,0.8382352941176471,0.8,0
-1,98,3,0,0,0,0,2,2518.0,2518.0,0.0,95.0,33,8.5417,34.375,24.8485,33,7,7,30,112,58,52,2,1,0.98989897,0.3721,0.2558,16,47,0.9895833125,0,0.0,0.0,0.896551724137931,0.3404255319148936,0
16,77,5,0,4,0,0,0,0.0,0.0,0.0,83.0,9,1.631,0.0,0.0,9,0,1,0,1,0,0,0,0,0.0,0.0,0.0,1,5,0.0,6,0.0,6.0,0.0,0.2,0
16,73,58,0,0,0,0,2,798.5,798.5,0.0,15.0,2,5.9375,0.0,0.0,2,1,2,1,44,59,50,5,1,0.964285714,0.0,0.0,3,60,0.9583333333333,0,0.0,0.0,0.847457627118644,0.05,1
16,97,97,0,0,0,0,0,0.0,0.0,0.0,0.0,1,5.0,0.0,0.0,1,0,0,0,0,0,0,0,0,0.0,0.0,0.0,0,0,0.0,0,0.0,0.0,0.0,0.0,1
16,92,92,0,0,0,0,0,0.0,0.0,0.0,0.0,1,7.0,0.0,0.0,1,0,0,0,0,0,0,0,0,0.0,0.0,0.0,0,0,0.0,0,0.0,0.0,0.0,0.0,1
16,97,97,0,0,0,0,0,0.0,0.0,0.0,0.0,1,10.0,0.0,0.0,1,0,1,0,3,0,0,0,0,0.0,0.0,0.0,0,0,0.0,0,0.0,0.0,0.0,0.0,1
16,97,45,0,0,0,0,1,33.0,33.0,0.0,52.0,3,0.8113,0.0,0.0,3,1,1,1,12,0,1,0,0,1.0,0.0,0.0,1,62,1.0,0,0.0,0.0,0.0,0.016129032258064516,1
16,97,0,0,0,2,0,11,55852.1818,55852.1818,82.668810289,97.0,57,36.0612,58.1633,62.0,57,23,26,122,455,78,65,12,1,0.992525773,0.3889,0.2222,35,28,0.9960714285714,497,7.2029,27.6111,0.8333333333333334,1.25,0
16,13,13,0,0,0,0,0,0.0,0.0,0.0,0.0,1,14.0,0.0,0.0,1,0,0,0,0,0,0,0,0,0.0,0.0,0.0,0,0,0.0,0,0.0,0.0,0.0,0.0,0
16,97,97,0,0,0,0,0,0.0,0.0,0.0,0.0,1,5.0,0.0,0.0,1,0,0,0,0,0,0,0,0,0.0,0.0,0.0,0,0,0.0,0,0.0,0.0,0.0,0.0,1
16,91,30,0,0,0,0,2,432769.5,432769.5,0.0,61.0,10,5.4839,0.0,0.0,10,4,6,22,124,60,46,10,1,1.0,0.3333,0.1176,17,46,1.0,10,0.0,10.0,0.7666666666666667,0.3695652173913043,1
16,19662,19662,0,0,0,0,0,0.0,0.0,0.0,0.0,1,1.0,0.0,0.0,1,0,0,0,0,0,0,0,0,0.0,0.0,0.0,0,0,0.0,0,0.0,0.0,0.0,0.0,1
16,19662,19662,0,0,0,0,0,0.0,0.0,0.0,0.0,0,0.0,0.0,0.0,0,0,0,0,0,0,0,0,0,0.0,0.0,0.0,0,0,0.0,0,0.0,0.0,0.0,0.0,1
-1,96,84,0,0,0,0,2,340825.0,340825.0,0.0,12.0,4,6.6923,0.0,0.0,4,1,3,1,49,61,52,6,0,1.0,0.0,0.0,1,62,1.0,0,0.0,0.0,0.8524590163934426,0.016129032258064516,1
-1,22,22,0,0,0,0,2,1161.0,1161.0,0.0,1.0,2,39.0,0.0,0.0,2,1,2,9,48,57,47,6,1,1.0,0.0,0.0,1,62,1.0,0,0.0,0.0,0.8245614035087719,0.016129032258064516,1
-1,94,94,0,0,0,0,0,0.0,0.0,0.0,0.0,1,5.0,0.0,0.0,1,0,0,0,0,0,0,0,0,0.0,0.0,0.0,0,0,0.0,0,0.0,0.0,0.0,0.0,1
-1,92,25,0,0,0,0,0,0.0,0.0,0.0,67.0,17,1.8529,25.0,7.4118,17,0,0,0,0,0,0,0,0,0.0,0.0,0.0,0,0,0.0,0,0.0,0.0,0.0,0.0,1
16,85,12,0,0,0,0,2,776.5,776.5,0.0,81.0,3,0.6829,0.0,0.0,3,0,1,0,35,61,52,5,1,1.0,0.0,0.0,1,62,1.0,0,0.0,0.0,0.8524590163934426,0.016129032258064516,0
16,19662,19662,0,0,0,0,0,0.0,0.0,0.0,0.0,0,0.0,0.0,0.0,0,0,0,0,0,0,0,0,0,0.0,0.0,0.0,0,0,0.0,0,0.0,0.0,0.0,0.0,1
16,88,11,0,0,0,0,2,2244.0,2244.0,0.0,77.0,8,2.5,0.0,0.0,8,2,1,5,78,58,54,3,0,0.980769231,0.1304,0.087,6,57,0.9791666666667,0,0.0,0.0,0.9310344827586207,0.10526315789473684,0
16,19662,19662,0,0,0,0,0,0.0,0.0,0.0,0.0,0,0.0,0.0,0.0,0,0,0,0,0,0,0,0,0,0.0,0.0,0.0,0,0,0.0,0,0.0,0.0,0.0,0.0,1
16,92,63,0,0,0,0,2,914.0,914.0,0.0,29.0,6,5.7,0.0,0.0,6,3,3,9,62,59,53,2,1,0.944545467,0.4118,0.2353,7,56,0.9405844285714,0,0.0,0.0,0.8983050847457628,0.125,1
16,92,92,0,0,0,0,0,0.0,0.0,0.0,0.0,1,7.0,0.0,0.0,1,0,0,0,0,0,0,0,0,0.0,0.0,0.0,0,0,0.0,0,0.0,0.0,0.0,0.0,1
16,19662,19662,0,0,0,0,0,0.0,0.0,0.0,0.0,0,0.0,0.0,0.0,0,0,0,0,0,0,0,0,0,0.0,0.0,0.0,0,0,0.0,0,0.0,0.0,0.0,0.0,1
16,19662,19662,0,0,0,0,0,0.0,0.0,0.0,0.0,0,0.0,0.0,0.0,0,0,0,0,0,0,0,0,0,0.0,0.0,0.0,0,0,0.0,0,0.0,0.0,0.0,0.0,1
16,90,63,0,0,0,0,2,584.5,584.5,0.0,27.0,4,3.0357,0.0,0.0,4,0,1,0,32,58,51,3,1,1.0,0.16,0.08,4,59,1.0,0,0.0,0.0,0.8793103448275862,0.06779661016949153,1
16,19662,19662,0,0,0,0,0,0.0,0.0,0.0,0.0,0,0.0,0.0,0.0,0,0,0,0,0,0,0,0,0,0.0,0.0,0.0,0,0,0.0,0,0.0,0.0,0.0,0.0,1
16,19662,19662,0,0,0,0,0,0.0,0.0,0.0,0.0,0,0.0,0.0,0.0,0,0,0,0,0,0,0,0,0,0.0,0.0,0.0,0,0,0.0,0,0.0,0.0,0.0,0.0,1
16,19662,19662,0,0,0,0,0,0.0,0.0,0.0,0.0,0,0.0,0.0,0.0,0,0,0,0,0,0,0,0,0,0.0,0.0,0.0,0,0,0.0,0,0.0,0.0,0.0,0.0,1
16,19662,19662,0,0,0,0,0,0.0,0.0,0.0,0.0,0,0.0,0.0,0.0,0,0,0,0,0,0,0,0,0,0.0,0.0,0.0,0,0,0.0,0,0.0,0.0,0.0,0.0,1
16,91,67,0,0,0,0,0,0.0,0.0,0.0,24.0,2,0.2,0.0,0.0,2,0,0,0,0,0,0,0,0,0.0,0.0,0.0,0,0,0.0,0,0.0,0.0,0.0,0.0,1
16,19662,19662,0,0,0,0,0,0.0,0.0,0.0,0.0,0,0.0,0.0,0.0,0,0,0,0,0,0,0,0,0,0.0,0.0,0.0,0,0,0.0,0,0.0,0.0,0.0,0.0,1
16,77,77,0,0,0,0,1,98.0,98.0,0.0,0.0,1,51.0,0.0,0.0,1,0,1,0,36,50,1,0,0,1.0,0.0,0.0,1,62,1.0,0,0.0,0.0,0.02,0.016129032258064516,1
16,33,13,0,0,0,0,2,1944.0,1944.0,0.0,20.0,2,3.3333,0.0,0.0,2,1,1,1,35,61,47,10,1,1.0,0.0,0.0,1,62,1.0,0,0.0,0.0,0.7704918032786885,0.016129032258064516,0
16,19662,19662,0,0,0,0,0,0.0,0.0,0.0,0.0,0,0.0,0.0,0.0,0,0,0,0,0,0,0,0,0,0.0,0.0,0.0,0,0,0.0,0,0.0,0.0,0.0,0.0,1
16,84,84,0,0,0,0,1,49.0,49.0,0.0,0.0,1,36.0,0.0,0.0,1,0,1,0,24,44,1,0,0,1.0,0.0,0.0,1,62,1.0,0,0.0,0.0,0.022727272727272728,0.016129032258064516,1
16,90,0,0,0,2,0,18,52961.8889,46405.2667,60.610412926,90.0,50,27.044,54.9451,49.22,50,20,30,90,1239,101,78,16,1,0.9488,0.4943,0.2874,43,20,0.9751937984496,429,13.0,22.5789,0.7722772277227723,2.15,0
16,89,89,0,0,0,0,0,0.0,0.0,0.0,75.0,2,0.1447,0.0,0.0,2,0,1,0,3,0,0,0,0,0.0,0.0,0.0,0,0,0.0,0,0.0,0.0,0.0,0.0,1
16,19662,19662,0,0,0,0,0,0.0,0.0,0.0,0.0,0,0.0,0.0,0.0,0,0,0,0,0,0,0,0,0,0.0,0.0,0.0,0,0,0.0,0,0.0,0.0,0.0,0.0,1
16,90,70,0,0,0,0,3,372.6667,552.5,0.0,20.0,2,2.8095,0.0,0.0,2,0,2,0,39,60,45,11,1,1.0,0.0,0.0,1,62,1.0,0,0.0,0.0,0.75,0.016129032258064516,1
16,19662,19662,0,0,0,0,0,0.0,0.0,0.0,0.0,0,0.0,0.0,0.0,0,0,0,0,0,0,0,0,0,0.0,0.0,0.0,0,0,0.0,0,0.0,0.0,0.0,0.0,1
16,19662,19662,0,0,0,0,0,0.0,0.0,0.0,0.0,0,0.0,0.0,0.0,0,0,0,0,0,0,0,0,0,0.0,0.0,0.0,0,0,0.0,0,0.0,0.0,0.0,0.0,1
16,19662,19662,0,0,0,0,0,0.0,0.0,0.0,0.0,0,0.0,0.0,0.0,0,0,0,0,0,0,0,0,0,0.0,0.0,0.0,0,0,0.0,0,0.0,0.0,0.0,0.0,1
16,19662,19662,0,0,0,0,0,0.0,0.0,0.0,0.0,0,0.0,0.0,0.0,0,0,0,0,0,0,0,0,0,0.0,0.0,0.0,0,0,0.0,0,0.0,0.0,0.0,0.0,1
16,83,4,0,0,0,0,1,34.0,34.0,0.0,79.0,2,0.5875,0.0,0.0,2,1,1,2,30,52,1,0,0,1.0,0.0,0.0,1,62,1.0,0,0.0,0.0,0.019230769230769232,0.016129032258064516,0
16,19662,19662,0,0,0,0,0,0.0,0.0,0.0,0.0,0,0.0,0.0,0.0,0,0,0,0,0,0,0,0,0,0.0,0.0,0.0,0,0,0.0,0,0.0,0.0,0.0,0.0,1
16,77,46,0,0,0,0,2,225979.5,225979.5,0.0,31.0,7,3.8438,0.0,0.0,7,0,3,0,60,59,45,11,1,1.0,0.3333,0.3333,2,61,1.0,0,0.0,0.0,0.7627118644067796,0.03278688524590164,1
16,76,76,0,0,0,0,0,0.0,0.0,0.0,43.0,4,0.2045,0.0,0.0,4,0,0,0,0,0,0,0,0,0.0,0.0,0.0,0,0,0.0,0,0.0,0.0,0.0,0.0,1
16,65,29,0,0,0,0,4,1581.5,1581.5,76.564885496,40.0,10,14.2927,0.0,0.0,10,6,4,36,196,65,52,9,1,0.991852491,0.6571,0.2286,23,40,0.9906126521739,12,0.0,12.0,0.8,0.575,1
16,19662,19662,0,0,0,0,0,0.0,0.0,0.0,0.0,0,0.0,0.0,0.0,0,0,0,0,0,0,0,0,0,0.0,0.0,0.0,0,0,0.0,0,0.0,0.0,0.0,0.0,1
16,44,44,0,0,0,0,0,0.0,0.0,0.0,0.0,1,6.0,0.0,0.0,1,0,0,0,0,0,0,0,0,0.0,0.0,0.0,0,0,0.0,0,0.0,0.0,0.0,0.0,1
16,19662,19662,0,0,0,0,0,0.0,0.0,0.0,0.0,0,0.0,0.0,0.0,0,0,0,0,0,0,0,0,0,0.0,0.0,0.0,0,0,0.0,0,0.0,0.0,0.0,0.0,1
-1,75,71,0,0,0,0,0,0.0,0.0,0.0,25.0,4,0.8077,0.0,0.0,4,0,0,0,0,0,0,0,0,0.0,0.0,0.0,0,0,0.0,0,0.0,0.0,0.0,0.0,1
16,65,16,0,0,0,0,3,32156.0,32156.0,0.0,49.0,9,3.38,0.0,0.0,9,2,3,5,70,58,51,4,1,1.0,0.1224,0.102,6,57,1.0,0,0.0,0.0,0.8793103448275862,0.10526315789473684,1
16,19662,19662,0,0,0,0,0,0.0,0.0,0.0,0.0,0,0.0,0.0,0.0,0,0,0,0,0,0,0,0,0,0.0,0.0,0.0,0,0,0.0,0,0.0,0.0,0.0,0.0,1
16,19662,19662,0,0,0,0,0,0.0,0.0,0.0,0.0,0,0.0,0.0,0.0,0,0,0,0,0,0,0,0,0,0.0,0.0,0.0,0,0,0.0,0,0.0,0.0,0.0,0.0,1
16,19662,19662,0,0,0,0,0,0.0,0.0,0.0,0.0,0,0.0,0.0,0.0,0,0,0,0,0,0,0,0,0,0.0,0.0,0.0,0,0,0.0,0,0.0,0.0,0.0,0.0,1
16,19662,19662,0,0,0,0,0,0.0,0.0,0.0,0.0,0,0.0,0.0,0.0,0,0,0,0,0,0,0,0,0,0.0,0.0,0.0,0,0,0.0,0,0.0,0.0,0.0,0.0,1
16,19662,19662,0,0,0,0,0,0.0,0.0,0.0,0.0,0,0.0,0.0,0.0,0,0,0,0,0,0,0,0,0,0.0,0.0,0.0,0,0,0.0,0,0.0,0.0,0.0,0.0,1
16,74,74,0,0,0,0,0,0.0,0.0,0.0,0.0,1,6.0,0.0,0.0,1,0,0,0,0,0,0,0,0,0.0,0.0,0.0,0,0,0.0,0,0.0,0.0,0.0,0.0,1
16,74,74,0,0,0,0,0,0.0,0.0,0.0,0.0,1,4.0,0.0,0.0,1,0,0,0,0,0,0,0,0,0.0,0.0,0.0,0,0,0.0,0,0.0,0.0,0.0,0.0,1
-1,71,60,0,0,0,0,0,0.0,0.0,0.0,11.0,4,2.6667,0.0,0.0,4,0,0,0,0,0,0,0,0,0.0,0.0,0.0,0,0,0.0,0,0.0,0.0,0.0,0.0,1
-1,71,71,0,0,0,0,0,0.0,0.0,0.0,0.0,1,5.0,0.0,0.0,1,0,0,0,0,0,0,0,0,0.0,0.0,0.0,0,0,0.0,0,0.0,0.0,0.0,0.0,1
16,19662,19662,0,0,0,0,0,0.0,0.0,0.0,0.0,0,0.0,0.0,0.0,0,0,0,0,0,0,0,0,0,0.0,0.0,0.0,0,0,0.0,0,0.0,0.0,0.0,0.0,1
16,19662,19662,0,0,0,0,0,0.0,0.0,0.0,0.0,0,0.0,0.0,0.0,0,0,0,0,0,0,0,0,0,0.0,0.0,0.0,0,0,0.0,0,0.0,0.0,0.0,0.0,1
16,19662,19662,0,0,0,0,0,0.0,0.0,0.0,0.0,0,0.0,0.0,0.0,0,0,0,0,0,0,0,0,0,0.0,0.0,0.0,0,0,0.0,0,0.0,0.0,0.0,0.0,1
16,33,13,0,0,0,0,0,0.0,0.0,0.0,20.0,2,1.1429,0.0,0.0,2,1,1,1,6,0,0,0,0,0.0,0.0,0.0,0,0,0.0,0,0.0,0.0,0.0,0.0,0
16,19662,19662,0,0,0,0,0,0.0,0.0,0.0,0.0,0,0.0,0.0,0.0,0,0,0,0,0,0,0,0,0,0.0,0.0,0.0,0,0,0.0,0,0.0,0.0,0.0,0.0,1
16,19662,19662,0,0,0,0,0,0.0,0.0,0.0,0.0,0,0.0,0.0,0.0,0,0,0,0,0,0,0,0,0,0.0,0.0,0.0,0,0,0.0,0,0.0,0.0,0.0,0.0,1
16,19662,19662,0,0,0,0,0,0.0,0.0,0.0,0.0,0,0.0,0.0,0.0,0,0,0,0,0,0,0,0,0,0.0,0.0,0.0,0,0,0.0,0,0.0,0.0,0.0,0.0,1
16,19662,19662,0,0,0,0,0,0.0,0.0,0.0,0.0,0,0.0,0.0,0.0,0,0,0,0,0,0,0,0,0,0.0,0.0,0.0,0,0,0.0,0,0.0,0.0,0.0,0.0,1
16,19662,19662,0,0,0,0,0,0.0,0.0,0.0,0.0,0,0.0,0.0,0.0,0,0,0,0,0,0,0,0,0,0.0,0.0,0.0,0,0,0.0,0,0.0,0.0,0.0,0.0,1
16,70,0,0,2,0,0,2,2713.5,2713.5,0.0,70.0,14,3.0986,19.7183,15.7143,14,2,1,9,55,60,47,9,1,1.0,0.4615,0.1538,6,57,1.0,0,0.0,0.0,0.7833333333333333,0.10526315789473684,0
16,19662,19662,0,0,0,0,0,0.0,0.0,0.0,0.0,0,0.0,0.0,0.0,0,0,0,0,0,0,0,0,0,0.0,0.0,0.0,0,0,0.0,0,0.0,0.0,0.0,0.0,1
16,19662,19662,0,0,0,0,0,0.0,0.0,0.0,0.0,0,0.0,0.0,0.0,0,0,0,0,0,0,0,0,0,0.0,0.0,0.0,0,0,0.0,0,0.0,0.0,0.0,0.0,1
16,67,67,0,0,0,0,1,79.0,79.0,0.0,0.0,1,50.0,0.0,0.0,1,0,1,0,36,43,1,0,0,1.0,0.0,0.0,1,62,1.0,0,0.0,0.0,0.023255813953488372,0.016129032258064516,1
16,19662,19662,0,0,0,0,0,0.0,0.0,0.0,0.0,0,0.0,0.0,0.0,0,0,0,0,0,0,0,0,0,0.0,0.0,0.0,0,0,0.0,0,0.0,0.0,0.0,0.0,1
16,19662,19662,0,0,0,0,0,0.0,0.0,0.0,0.0,0,0.0,0.0,0.0,0,0,0,0,0,0,0,0,0,0.0,0.0,0.0,0,0,0.0,0,0.0,0.0,0.0,0.0,1
16,19662,19662,0,0,0,0,0,0.0,0.0,0.0,0.0,1,3.0,0.0,0.0,1,0,0,0,0,0,0,0,0,0.0,0.0,0.0,0,0,0.0,0,0.0,0.0,0.0,0.0,1
16,19662,19662,0,0,0,0,0,0.0,0.0,0.0,0.0,0,0.0,0.0,0.0,0,0,0,0,0,0,0,0,0,0.0,0.0,0.0,0,0,0.0,0,0.0,0.0,0.0,0.0,1
16,19662,19662,0,0,0,0,0,0.0,0.0,0.0,0.0,0,0.0,0.0,0.0,0,0,0,0,0,0,0,0,0,0.0,0.0,0.0,0,0,0.0,0,0.0,0.0,0.0,0.0,1
16,68,8,0,0,0,0,10,662.3,662.3,97.084870848,60.0,4,10.1148,0.0,0.0,4,3,3,59,229,84,72,5,1,0.989138758,17.0,1.5,34,29,0.9848262058824,70,70.0,35.0,0.8571428571428571,1.1724137931034482,0
16,19662,19662,0,0,0,0,0,0.0,0.0,0.0,0.0,0,0.0,0.0,0.0,0,0,0,0,0,0,0,0,0,0.0,0.0,0.0,0,0,0.0,0,0.0,0.0,0.0,0.0,1
16,19662,19662,0,0,0,0,0,0.0,0.0,0.0,0.0,0,0.0,0.0,0.0,0,0,0,0,0,0,0,0,0,0.0,0.0,0.0,0,0,0.0,0,0.0,0.0,0.0,0.0,1
16,19662,19662,0,0,0,0,0,0.0,0.0,0.0,0.0,0,0.0,0.0,0.0,0,0,0,0,0,0,0,0,0,0.0,0.0,0.0,0,0,0.0,0,0.0,0.0,0.0,0.0,1
16,19662,19662,0,0,0,0,0,0.0,0.0,0.0,0.0,0,0.0,0.0,0.0,0,0,0,0,0,0,0,0,0,0.0,0.0,0.0,0,0,0.0,0,0.0,0.0,0.0,0.0,1
16,19662,19662,0,0,0,0,0,0.0,0.0,0.0,0.0,0,0.0,0.0,0.0,0,0,0,0,0,0,0,0,0,0.0,0.0,0.0,0,0,0.0,0,0.0,0.0,0.0,0.0,1
16,30,12,0,0,0,0,0,0.0,0.0,0.0,18.0,3,1.0,0.0,0.0,3,0,0,0,0,0,0,0,0,0.0,0.0,0.0,0,0,0.0,0,0.0,0.0,0.0,0.0,0
16,19662,19662,0,0,0,0,0,0.0,0.0,0.0,0.0,0,0.0,0.0,0.0,0,0,0,0,0,0,0,0,0,0.0,0.0,0.0,0,0,0.0,0,0.0,0.0,0.0,0.0,1
16,19662,19662,0,0,0,0,0,0.0,0.0,0.0,0.0,0,0.0,0.0,0.0,0,0,0,0,0,0,0,0,0,0.0,0.0,0.0,0,0,0.0,0,0.0,0.0,0.0,0.0,1
16,19662,19662,0,0,0,0,0,0.0,0.0,0.0,0.0,0,0.0,0.0,0.0,0,0,0,0,0,0,0,0,0,0.0,0.0,0.0,0,0,0.0,0,0.0,0.0,0.0,0.0,1
16,19662,19662,0,0,0,0,0,0.0,0.0,0.0,0.0,0,0.0,0.0,0.0,0,0,0,0,0,0,0,0,0,0.0,0.0,0.0,0,0,0.0,0,0.0,0.0,0.0,0.0,1
16,33,3,0,0,0,0,2,864527.5,864527.5,0.0,30.0,11,12.129,35.4839,34.1818,11,2,5,27,95,63,39,16,0,0.990950235,0.8,0.3,8,55,0.990384625,0,0.0,0.0,0.6190476190476191,0.14545454545454545,0
16,19662,19662,0,0,0,0,0,0.0,0.0,0.0,0.0,0,0.0,0.0,0.0,0,0,0,0,0,0,0,0,0,0.0,0.0,0.0,0,0,0.0,0,0.0,0.0,0.0,0.0,1
16,70,70,0,0,0,0,2,748.0,748.0,0.0,0.0,1,66.0,0.0,0.0,1,0,1,0,48,58,44,12,0,1.0,0.0,0.0,1,62,1.0,0,0.0,0.0,0.7586206896551724,0.016129032258064516,1
16,19662,19662,0,0,0,0,0,0.0,0.0,0.0,0.0,0,0.0,0.0,0.0,0,0,0,0,0,0,0,0,0,0.0,0.0,0.0,0,0,0.0,0,0.0,0.0,0.0,0.0,1
16,19662,19662,0,0,0,0,0,0.0,0.0,0.0,0.0,0,0.0,0.0,0.0,0,0,0,0,0,0,0,0,0,0.0,0.0,0.0,0,0,0.0,0,0.0,0.0,0.0,0.0,1
16,19662,19662,0,0,0,0,0,0.0,0.0,0.0,0.0,0,0.0,0.0,0.0,0,0,0,0,0,0,0,0,0,0.0,0.0,0.0,0,0,0.0,0,0.0,0.0,0.0,0.0,1
-1,70,3,0,0,0,0,1,734554.0,734554.0,0.0,67.0,7,8.5147,0.0,0.0,7,3,3,7,40,37,1,0,0,1.0,0.0,0.0,1,62,1.0,0,0.0,0.0,0.02702702702702703,0.016129032258064516,0
-1,70,64,0,0,0,0,0,0.0,0.0,0.0,6.0,2,3.1429,0.0,0.0,2,0,1,0,3,0,0,0,0,0.0,0.0,0.0,0,0,0.0,0,0.0,0.0,0.0,0.0,1
-1,70,55,0,0,0,0,2,1033.5,1033.5,0.0,15.0,7,11.75,0.0,0.0,7,1,2,1,43,58,40,16,0,1.0,1.6667,1.0,5,58,1.0,0,0.0,0.0,0.6896551724137931,0.08620689655172414,1
-1,70,24,0,14,0,0,1,111.0,111.0,0.0,46.0,6,1.7872,0.0,0.0,6,1,2,1,34,44,1,0,0,1.0,0.0,0.0,1,62,1.0,0,0.0,0.0,0.022727272727272728,0.016129032258064516,1
-1,70,13,0,0,0,0,0,0.0,0.0,0.0,57.0,2,0.1034,0.0,0.0,2,0,0,0,0,0,0,0,0,0.0,0.0,0.0,0,0,0.0,0,0.0,0.0,0.0,0.0,0
-1,70,70,0,0,0,0,0,0.0,0.0,0.0,0.0,1,7.0,0.0,0.0,1,0,0,0,0,0,0,0,0,0.0,0.0,0.0,0,0,0.0,0,0.0,0.0,0.0,0.0,1
-1,70,64,0,0,0,0,0,0.0,0.0,0.0,6.0,2,1.5714,0.0,0.0,2,1,0,1,0,0,0,0,0,0.0,0.0,0.0,0,0,0.0,0,0.0,0.0,0.0,0.0,1
-1,70,70,0,0,0,0,0,0.0,0.0,0.0,0.0,1,4.0,0.0,0.0,1,0,0,0,0,0,0,0,0,0.0,0.0,0.0,0,0,0.0,0,0.0,0.0,0.0,0.0,1
-1,70,64,0,0,0,0,3,1463.6667,1463.6667,0.0,6.0,5,38.8571,0.0,0.0,5,4,4,19,112,60,53,6,0,1.0,3.6667,1.3333,11,52,1.0,0,0.0,0.0,0.8833333333333333,0.21153846153846154,1
-1,70,4,0,0,0,0,1,191.0,191.0,0.0,66.0,4,4.2388,0.0,0.0,4,2,1,5,20,33,1,0,0,1.0,0.0,0.0,1,62,1.0,0,0.0,0.0,0.030303030303030304,0.016129032258064516,0
-1,70,69,0,0,0,0,0,0.0,0.0,0.0,1.0,2,11.0,0.0,0.0,2,0,1,0,5,0,0,0,0,0.0,0.0,0.0,0,0,0.0,0,0.0,0.0,0.0,0.0,1
16,19662,19662,0,0,0,0,0,0.0,0.0,0.0,0.0,0,0.0,0.0,0.0,0,0,0,0,0,0,0,0,0,0.0,0.0,0.0,0,0,0.0,0,0.0,0.0,0.0,0.0,1
16,19662,19662,0,0,0,0,0,0.0,0.0,0.0,0.0,0,0.0,0.0,0.0,0,0,0,0,0,0,0,0,0,0.0,0.0,0.0,0,0,0.0,0,0.0,0.0,0.0,0.0,1
16,19662,19662,0,0,0,0,0,0.0,0.0,0.0,0.0,0,0.0,0.0,0.0,0,0,0,0,0,0,0,0,0,0.0,0.0,0.0,0,0,0.0,0,0.0,0.0,0.0,0.0,1
16,69,68,0,0,0,0,0,0.0,0.0,0.0,1.0,2,9.5,0.0,0.0,2,1,1,1,3,0,0,0,0,0.0,0.0,0.0,0,0,0.0,0,0.0,0.0,0.0,0.0,1
16,19662,19662,0,0,0,0,0,0.0,0.0,0.0,0.0,0,0.0,0.0,0.0,0,0,0,0,0,0,0,0,0,0.0,0.0,0.0,0,0,0.0,0,0.0,0.0,0.0,0.0,1
16,19662,19662,0,0,0,0,0,0.0,0.0,0.0,0.0,0,0.0,0.0,0.0,0,0,0,0,0,0,0,0,0,0.0,0.0,0.0,0,0,0.0,0,0.0,0.0,0.0,0.0,1
16,66,31,0,0,0,0,2,2054.0,2054.0,0.0,35.0,7,4.6944,0.0,0.0,7,4,4,12,53,56,44,9,1,0.985294118,0.2667,0.1667,8,55,0.984375,0,0.0,0.0,0.7857142857142857,0.14545454545454545,1
16,19662,19662,0,0,0,0,0,0.0,0.0,0.0,0.0,0,0.0,0.0,0.0,0,0,0,0,0,0,0,0,0,0.0,0.0,0.0,0,0,0.0,0,0.0,0.0,0.0,0.0,1
16,19662,19662,0,0,0,0,0,0.0,0.0,0.0,0.0,0,0.0,0.0,0.0,0,0,0,0,0,0,0,0,0,0.0,0.0,0.0,0,0,0.0,0,0.0,0.0,0.0,0.0,1
16,69,44,0,0,0,0,2,1079371.0,1079371.0,0.0,25.0,4,3.8846,0.0,0.0,4,1,4,1,44,58,44,10,1,0.92,0.08,0.08,2,61,0.9,0,0.0,0.0,0.7586206896551724,0.03278688524590164,1
16,19662,19662,0,0,0,0,0,0.0,0.0,0.0,0.0,0,0.0,0.0,0.0,0,0,0,0,0,0,0,0,0,0.0,0.0,0.0,0,0,0.0,0,0.0,0.0,0.0,0.0,1
16,68,1,0,0,0,0,2,46002.5,46002.5,0.0,67.0,12,7.2206,17.6471,40.9167,12,4,6,69,99,60,48,8,1,0.978378378,0.2687,0.1343,18,45,0.9777777777778,0,0.0,0.0,0.8,0.4,0
16,19662,19662,0,0,0,0,0,0.0,0.0,0.0,0.0,0,0.0,0.0,0.0,0,0,0,0,0,0,0,0,0,0.0,0.0,0.0,0,0,0.0,0,0.0,0.0,0.0,0.0,1
16,64,64,0,0,0,0,0,0.0,0.0,0.0,0.0,1,4.0,0.0,0.0,1,0,0,0,0,0,0,0,0,0.0,0.0,0.0,0,0,0.0,0,0.0,0.0,0.0,0.0,1
16,19662,19662,0,0,0,0,0,0.0,0.0,0.0,0.0,0,0.0,0.0,0.0,0,0,0,0,0,0,0,0,0,0.0,0.0,0.0,0,0,0.0,0,0.0,0.0,0.0,0.0,1
16,64,15,0,0,0,0,5,1045.2,1045.2,66.211180124,49.0,14,9.04,28.0,32.2857,14,5,4,17,164,66,49,13,1,0.961013649,0.5,0.25,24,39,0.9849537083333,110,55.0,36.6667,0.7424242424242424,0.6153846153846154,1
16,33,8,0,0,0,0,0,0.0,0.0,0.0,25.0,2,0.7308,0.0,0.0,2,1,0,4,0,0,0,0,0,0.0,0.0,0.0,0,0,0.0,0,0.0,0.0,0.0,0.0,0
16,19662,19662,0,0,0,0,0,0.0,0.0,0.0,0.0,0,0.0,0.0,0.0,0,0,0,0,0,0,0,0,0,0.0,0.0,0.0,0,0,0.0,0,0.0,0.0,0.0,0.0,1
16,19662,19662,0,0,0,0,0,0.0,0.0,0.0,0.0,0,0.0,0.0,0.0,0,0,0,0,0,0,0,0,0,0.0,0.0,0.0,0,0,0.0,0,0.0,0.0,0.0,0.0,1
16,19662,19662,0,0,0,0,0,0.0,0.0,0.0,0.0,0,0.0,0.0,0.0,0,0,0,0,0,0,0,0,0,0.0,0.0,0.0,0,0,0.0,0,0.0,0.0,0.0,0.0,1
16,19662,19662,0,0,0,0,0,0.0,0.0,0.0,0.0,0,0.0,0.0,0.0,0,0,0,0,0,0,0,0,0,0.0,0.0,0.0,0,0,0.0,0,0.0,0.0,0.0,0.0,1
16,19662,19662,0,0,0,0,0,0.0,0.0,0.0,0.0,0,0.0,0.0,0.0,0,0,0,0,0,0,0,0,0,0.0,0.0,0.0,0,0,0.0,0,0.0,0.0,0.0,0.0,1
16,19662,19662,0,0,0,0,0,0.0,0.0,0.0,0.0,0,0.0,0.0,0.0,0,0,0,0,0,0,0,0,0,0.0,0.0,0.0,0,0,0.0,0,0.0,0.0,0.0,0.0,1
16,57,2,0,0,0,0,4,2372931.75,2372931.75,0.0,55.0,2,2.6429,0.0,0.0,2,0,2,0,107,57,50,5,1,1.0,0.0,0.0,2,61,1.0,0,0.0,0.0,0.8771929824561403,0.03278688524590164,0
16,57,1,0,0,0,0,2,445438.5,445438.5,0.0,56.0,6,1.8947,0.0,0.0,6,0,3,0,60,58,46,9,1,1.0,0.1667,0.1667,2,61,1.0,0,0.0,0.0,0.7931034482758621,0.03278688524590164,0
16,19662,19662,0,0,0,0,0,0.0,0.0,0.0,0.0,0,0.0,0.0,0.0,0,0,0,0,0,0,0,0,0,0.0,0.0,0.0,0,0,0.0,0,0.0,0.0,0.0,0.0,1
16,2,1,0,0,0,0,2,1544.5,1544.5,0.0,1.0,2,36.5,0.0,0.0,2,1,1,1,49,60,47,9,1,1.0,0.0,0.0,1,62,1.0,0,0.0,0.0,0.7833333333333333,0.016129032258064516,0
16,68,68,0,0,0,0,1,18.0,18.0,0.0,0.0,1,58.0,0.0,0.0,1,0,1,0,34,45,1,0,0,1.0,0.0,0.0,1,62,1.0,0,0.0,0.0,0.022222222222222223,0.016129032258064516,1
16,19662,19662,0,0,0,0,0,0.0,0.0,0.0,0.0,0,0.0,0.0,0.0,0,0,0,0,0,0,0,0,0,0.0,0.0,0.0,0,0,0.0,0,0.0,0.0,0.0,0.0,1
16,63,23,0,0,0,0,2,952.0,952.0,0.0,40.0,5,3.5366,0.0,0.0,5,1,1,4,46,59,51,4,1,1.0,0.225,0.1,9,54,1.0,0,0.0,0.0,0.864406779661017,0.16666666666666666,1
16,62,13,0,0,1,0,2,1454.5,1454.5,0.0,49.0,12,4.78,24.0,19.9167,12,2,2,36,49,59,39,18,0,0.882544308,0.1667,0.1111,6,57,0.8727563333333,0,0.0,0.0,0.6610169491525424,0.10526315789473684,0
16,19662,19662,0,0,0,0,0,0.0,0.0,0.0,0.0,1,1.0,0.0,0.0,1,0,0,0,0,0,0,0,0,0.0,0.0,0.0,0,0,0.0,0,0.0,0.0,0.0,0.0,1
16,63,63,0,0,0,0,0,0.0,0.0,0.0,0.0,1,7.0,0.0,0.0,1,0,0,0,0,0,0,0,0,0.0,0.0,0.0,0,0,0.0,0,0.0,0.0,0.0,0.0,1
-1,65,20,0,0,0,0,0,0.0,0.0,0.0,45.0,2,0.6739,0.0,0.0,2,0,1,0,1,0,0,0,0,0.0,0.0,0.0,0,0,0.0,0,0.0,0.0,0.0,0.0,1
16,19662,19662,0,0,0,0,0,0.0,0.0,0.0,0.0,0,0.0,0.0,0.0,0,0,0,0,0,0,0,0,0,0.0,0.0,0.0,0,0,0.0,0,0.0,0.0,0.0,0.0,1
16,19662,19662,0,0,0,0,0,0.0,0.0,0.0,0.0,0,0.0,0.0,0.0,0,0,0,0,0,0,0,0,0,0.0,0.0,0.0,0,0,0.0,0,0.0,0.0,0.0,0.0,1
16,19662,19662,0,0,0,0,0,0.0,0.0,0.0,0.0,0,0.0,0.0,0.0,0,0,0,0,0,0,0,0,0,0.0,0.0,0.0,0,0,0.0,0,0.0,0.0,0.0,0.0,1
-1,64,48,0,0,0,0,0,0.0,0.0,0.0,16.0,4,1.2353,0.0,0.0,4,0,0,0,0,0,0,0,0,0.0,0.0,0.0,0,0,0.0,0,0.0,0.0,0.0,0.0,1
-1,62,41,0,0,0,0,10,463.2,463.2,92.472324723,21.0,11,27.3182,50.0,54.6364,11,6,5,27,226,80,71,5,1,0.962329485,2.5,0.6429,35,28,0.9735137142857,20,2.5,5.0,0.8875,1.25,1
-1,62,41,0,0,0,0,0,0.0,0.0,0.0,21.0,4,1.0909,0.0,0.0,4,0,0,0,0,0,0,0,0,0.0,0.0,0.0,0,0,0.0,0,0.0,0.0,0.0,0.0,1
-1,62,55,0,0,0,0,0,0.0,0.0,0.0,7.0,2,3.25,0.0,0.0,2,0,1,0,14,0,1,0,0,0.0,0.0,0.0,0,0,0.0,0,0.0,0.0,0.0,0.0,1
-1,62,48,0,0,0,0,0,0.0,0.0,0.0,14.0,3,3.5333,0.0,0.0,3,1,1,4,14,0,1,0,0,0.0,0.0,0.0,0,0,0.0,0,0.0,0.0,0.0,0.0,1
-1,62,62,0,0,0,0,0,0.0,0.0,0.0,0.0,1,8.0,0.0,0.0,1,0,0,0,0,0,0,0,0,0.0,0.0,0.0,0,0,0.0,0,0.0,0.0,0.0,0.0,1
-1,62,50,0,0,0,0,2,131278.5,131278.5,0.0,12.0,3,9.0769,0.0,0.0,3,1,2,11,49,58,40,16,0,1.0,0.6667,0.6667,2,61,1.0,0,0.0,0.0,0.6896551724137931,0.03278688524590164,1
-1,62,62,0,0,0,0,0,0.0,0.0,0.0,0.0,1,19.0,0.0,0.0,1,1,0,3,0,0,0,0,0,0.0,0.0,0.0,0,0,0.0,0,0.0,0.0,0.0,0.0,1
-1,62,62,0,0,0,0,0,0.0,0.0,0.0,0.0,1,3.0,0.0,0.0,1,0,0,0,0,0,0,0,0,0.0,0.0,0.0,0,0,0.0,0,0.0,0.0,0.0,0.0,1
-1,62,33,0,0,0,0,0,0.0,0.0,0.0,29.0,2,0.6,0.0,0.0,2,0,1,0,1,0,0,0,0,0.0,0.0,0.0,0,0,0.0,0,0.0,0.0,0.0,0.0,1
-1,62,12,0,0,2,0,7,51493.8571,51493.8571,73.076923076,50.0,14,12.6471,27.451,46.0714,14,6,5,42,224,71,59,8,1,0.998474435,1.5556,0.5556,28,35,0.9981202857143,98,49.0,32.6667,0.8309859154929577,0.8,0
-1,62,7,0,0,2,0,3,1543.0,1543.0,0.0,55.0,16,17.6607,28.5714,61.8125,16,9,6,59,90,117,81,29,1,0.840236615,0.1765,0.1765,6,57,0.826923,0,0.0,0.0,0.6923076923076923,0.10526315789473684,0
-1,62,62,0,0,0,0,0,0.0,0.0,0.0,0.0,1,3.0,0.0,0.0,1,0,0,0,0,0,0,0,0,0.0,0.0,0.0,0,0,0.0,0,0.0,0.0,0.0,0.0,1
-1,62,62,0,0,0,0,0,0.0,0.0,0.0,0.0,1,3.0,0.0,0.0,1,0,0,0,0,0,0,0,0,0.0,0.0,0.0,0,0,0.0,0,0.0,0.0,0.0,0.0,1
-1,62,33,0,0,0,0,0,0.0,0.0,0.0,29.0,2,0.5,0.0,0.0,2,0,0,0,0,0,0,0,0,0.0,0.0,0.0,0,0,0.0,0,0.0,0.0,0.0,0.0,1
-1,61,61,0,0,0,0,0,0.0,0.0,0.0,0.0,1,4.0,0.0,0.0,1,0,0,0,0,0,0,0,0,0.0,0.0,0.0,0,0,0.0,0,0.0,0.0,0.0,0.0,1
16,54,14,0,0,2,0,13,1287.6923,1287.6923,81.556122448,40.0,12,24.1463,29.2683,82.5,12,6,6,77,387,116,99,10,1,0.986152,3.0833,0.6667,37,26,0.9844048648649,26,13.0,8.6667,0.853448275862069,1.4230769230769231,0
16,61,0,0,0,0,0,2,1295969.0,1295969.0,0.0,61.0,15,4.0806,24.1935,16.8667,15,1,6,1,74,58,43,13,0,0.964285714,0.0909,0.0909,3,60,0.9583333333333,0,0.0,0.0,0.7413793103448276,0.05,0
16,19662,19662,0,0,0,0,0,0.0,0.0,0.0,0.0,0,0.0,0.0,0.0,0,0,0,0,0,0,0,0,0,0.0,0.0,0.0,0,0,0.0,0,0.0,0.0,0.0,0.0,1
16,19662,19662,0,0,0,0,0,0.0,0.0,0.0,0.0,0,0.0,0.0,0.0,0,0,0,0,0,0,0,0,0,0.0,0.0,0.0,0,0,0.0,0,0.0,0.0,0.0,0.0,1
16,19662,19662,0,0,0,0,0,0.0,0.0,0.0,0.0,0,0.0,0.0,0.0,0,0,0,0,0,0,0,0,0,0.0,0.0,0.0,0,0,0.0,0,0.0,0.0,0.0,0.0,1
16,19662,19662,0,0,0,0,0,0.0,0.0,0.0,0.0,0,0.0,0.0,0.0,0,0,0,0,0,0,0,0,0,0.0,0.0,0.0,0,0,0.0,0,0.0,0.0,0.0,0.0,1
16,19662,19662,0,0,0,0,0,0.0,0.0,0.0,0.0,0,0.0,0.0,0.0,0,0,0,0,0,0,0,0,0,0.0,0.0,0.0,0,0,0.0,0,0.0,0.0,0.0,0.0,1
16,60,60,0,0,0,0,0,0.0,0.0,0.0,0.0,1,5.0,0.0,0.0,1,0,0,0,0,0,0,0,0,0.0,0.0,0.0,0,0,0.0,0,0.0,0.0,0.0,0.0,1
16,19662,19662,0,0,0,0,0,0.0,0.0,0.0,0.0,0,0.0,0.0,0.0,0,0,0,0,0,0,0,0,0,0.0,0.0,0.0,0,0,0.0,0,0.0,0.0,0.0,0.0,1
16,19662,19662,0,0,0,0,0,0.0,0.0,0.0,0.0,0,0.0,0.0,0.0,0,0,0,0,0,0,0,0,0,0.0,0.0,0.0,0,0,0.0,0,0.0,0.0,0.0,0.0,1
16,55,3,0,0,0,0,7,15158.0,15158.0,88.863636363,52.0,19,13.4151,35.8491,37.4211,19,6,8,38,241,68,54,11,1,0.971331768,0.7568,0.3784,28,35,0.9646766428571,162,20.25,32.4,0.7941176470588235,0.8,0
16,61,7,0,0,0,0,5,21238.8,21238.8,32.182741116,54.0,6,14.5636,0.0,0.0,6,4,4,34,126,60,43,15,1,0.977817535,0.4884,0.093,21,42,0.9772893809524,0,0.0,0.0,0.7166666666666667,0.5,0
16,61,33,0,0,0,0,2,925.0,925.0,0.0,28.0,3,2.6897,0.0,0.0,3,0,3,0,38,60,39,17,1,1.0,0.0,0.0,1,62,1.0,0,0.0,0.0,0.65,0.016129032258064516,1
16,19662,19662,0,0,0,0,0,0.0,0.0,0.0,0.0,0,0.0,0.0,0.0,0,0,0,0,0,0,0,0,0,0.0,0.0,0.0,0,0,0.0,0,0.0,0.0,0.0,0.0,1
16,57,1,0,0,0,0,2,1579.0,1579.0,0.0,56.0,3,1.9825,0.0,0.0,3,0,1,0,68,60,49,7,1,1.0,0.0,0.0,2,61,1.0,0,0.0,0.0,0.8166666666666667,0.03278688524590164,0
16,19662,19662,0,0,0,0,0,0.0,0.0,0.0,0.0,0,0.0,0.0,0.0,0,0,0,0,0,0,0,0,0,0.0,0.0,0.0,0,0,0.0,0,0.0,0.0,0.0,0.0,1
16,19662,19662,0,0,0,0,0,0.0,0.0,0.0,0.0,0,0.0,0.0,0.0,0,0,0,0,0,0,0,0,0,0.0,0.0,0.0,0,0,0.0,0,0.0,0.0,0.0,0.0,1
16,56,33,0,0,0,0,2,10867.5,10867.5,0.0,23.0,2,3.8333,0.0,0.0,2,0,1,0,46,56,37,15,1,1.0,0.0,0.0,1,62,1.0,0,0.0,0.0,0.6607142857142857,0.016129032258064516,1
16,60,37,0,0,0,0,3,1528.6667,1528.6667,0.0,23.0,13,18.0417,54.1667,33.3077,13,4,1,37,62,59,41,15,1,0.972268121,0.8421,0.4211,16,47,0.9714015,0,0.0,0.0,0.6949152542372882,0.3404255319148936,1
16,44,0,0,0,0,0,16,43409.0625,43409.0625,70.632183908,44.0,25,31.1556,55.5556,56.08,25,10,15,39,829,117,72,18,1,0.984369232,1.2647,0.5,43,20,0.9910405503876,35,3.5,4.375,0.6153846153846154,2.15,0
16,19662,19662,0,0,0,0,0,0.0,0.0,0.0,0.0,0,0.0,0.0,0.0,0,0,0,0,0,0,0,0,0,0.0,0.0,0.0,0,0,0.0,0,0.0,0.0,0.0,0.0,1
16,19662,19662,0,0,0,0,0,0.0,0.0,0.0,0.0,0,0.0,0.0,0.0,0,0,0,0,0,0,0,0,0,0.0,0.0,0.0,0,0,0.0,0,0.0,0.0,0.0,0.0,1
16,33,33,0,0,0,0,0,0.0,0.0,0.0,0.0,1,3.0,0.0,0.0,1,0,0,0,0,0,0,0,0,0.0,0.0,0.0,0,0,0.0,0,0.0,0.0,0.0,0.0,1
16,61,53,0,0,0,0,2,3548.5,3548.5,0.0,8.0,6,13.7778,0.0,0.0,6,1,2,2,64,58,45,9,1,0.92,0.5,0.5,2,61,0.9,0,0.0,0.0,0.7758620689655172,0.03278688524590164,1
16,19662,19662,0,0,0,0,0,0.0,0.0,0.0,0.0,0,0.0,0.0,0.0,0,0,0,0,0,0,0,0,0,0.0,0.0,0.0,0,0,0.0,0,0.0,0.0,0.0,0.0,1
16,61,1,0,0,2,0,11,135863.0,135863.0,87.160120845,60.0,27,24.1475,44.2623,54.5556,27,9,12,83,775,85,71,9,1,0.993015867,0.7255,0.3529,37,26,0.9921171081081,542,23.5652,67.75,0.8352941176470589,1.4230769230769231,0
16,33,33,0,0,0,0,0,0.0,0.0,0.0,0.0,1,5.0,0.0,0.0,1,0,0,0,0,0,0,0,0,0.0,0.0,0.0,0,0,0.0,0,0.0,0.0,0.0,0.0,1
16,19662,19662,0,0,0,0,0,0.0,0.0,0.0,0.0,0,0.0,0.0,0.0,0,0,0,0,0,0,0,0,0,0.0,0.0,0.0,0,0,0.0,0,0.0,0.0,0.0,0.0,1
16,19662,19662,0,0,0,0,0,0.0,0.0,0.0,0.0,0,0.0,0.0,0.0,0,0,0,0,0,0,0,0,0,0.0,0.0,0.0,0,0,0.0,0,0.0,0.0,0.0,0.0,1
16,19662,19662,0,0,0,0,0,0.0,0.0,0.0,0.0,0,0.0,0.0,0.0,0,0,0,0,0,0,0,0,0,0.0,0.0,0.0,0,0,0.0,0,0.0,0.0,0.0,0.0,1
16,19662,19662,0,0,0,0,0,0.0,0.0,0.0,0.0,0,0.0,0.0,0.0,0,0,0,0,0,0,0,0,0,0.0,0.0,0.0,0,0,0.0,0,0.0,0.0,0.0,0.0,1
16,57,29,0,0,0,0,2,2173.0,2173.0,0.0,28.0,9,6.3448,0.0,0.0,9,3,1,11,55,57,44,9,1,0.985294118,0.2857,0.2143,8,55,0.984375,0,0.0,0.0,0.7719298245614035,0.14545454545454545,1
16,19662,19662,0,0,0,0,0,0.0,0.0,0.0,0.0,0,0.0,0.0,0.0,0,0,0,0,0,0,0,0,0,0.0,0.0,0.0,0,0,0.0,0,0.0,0.0,0.0,0.0,1
16,19662,19662,0,0,0,0,0,0.0,0.0,0.0,0.0,0,0.0,0.0,0.0,0,0,0,0,0,0,0,0,0,0.0,0.0,0.0,0,0,0.0,0,0.0,0.0,0.0,0.0,1
16,19662,19662,0,0,0,0,0,0.0,0.0,0.0,0.0,0,0.0,0.0,0.0,0,0,0,0,0,0,0,0,0,0.0,0.0,0.0,0,0,0.0,0,0.0,0.0,0.0,0.0,1
16,33,33,0,0,0,0,0,0.0,0.0,0.0,0.0,1,3.0,0.0,0.0,1,0,0,0,0,0,0,0,0,0.0,0.0,0.0,0,0,0.0,0,0.0,0.0,0.0,0.0,1
16,60,33,0,0,0,0,0,0.0,0.0,0.0,27.0,2,0.4643,0.0,0.0,2,1,0,4,0,0,0,0,0,0.0,0.0,0.0,0,0,0.0,0,0.0,0.0,0.0,0.0,1
16,59,13,0,0,0,0,1,814.0,814.0,0.0,46.0,3,1.4468,0.0,0.0,3,1,1,1,48,36,1,0,0,1.0,0.0,0.0,1,62,1.0,0,0.0,0.0,0.027777777777777776,0.016129032258064516,0
-1,61,20,0,0,0,0,2,5258.0,5258.0,0.0,41.0,18,9.6429,42.8571,22.5,18,8,2,43,92,58,44,10,1,0.990338174,0.3793,0.2414,11,52,0.989899,0,0.0,0.0,0.7586206896551724,0.21153846153846154,1
-1,57,28,0,2,0,0,4,561.25,561.25,47.257379747,29.0,2,9.3667,0.0,0.0,2,1,2,1,111,40,36,1,3,0.983516484,0.3448,0.069,10,13,0.985,0,0.0,0.0,0.9,0.7692307692307693,1
-1,57,54,0,0,0,0,0,0.0,0.0,0.0,53.0,3,0.463,0.0,0.0,3,1,0,1,0,0,0,0,0,0.0,0.0,0.0,0,0,0.0,0,0.0,0.0,0.0,0.0,1
16,19662,19662,0,0,0,0,0,0.0,0.0,0.0,0.0,0,0.0,0.0,0.0,0,0,0,0,0,0,0,0,0,0.0,0.0,0.0,0,0,0.0,0,0.0,0.0,0.0,0.0,1
16,19662,19662,0,0,0,0,0,0.0,0.0,0.0,0.0,0,0.0,0.0,0.0,0,0,0,0,0,0,0,0,0,0.0,0.0,0.0,0,0,0.0,0,0.0,0.0,0.0,0.0,1
16,56,3,0,0,0,0,2,14695.0,14695.0,0.0,53.0,25,10.0185,46.2963,21.64,25,7,1,52,92,52,30,17,0,0.960457152,0.3019,0.1698,16,47,0.9592214375,0,0.0,0.0,0.5769230769230769,0.3404255319148936,0
16,21,21,0,0,0,0,0,0.0,0.0,0.0,0.0,1,4.0,0.0,0.0,1,0,0,0,0,0,0,0,0,0.0,0.0,0.0,0,0,0.0,0,0.0,0.0,0.0,0.0,1
16,19662,19662,0,0,0,0,0,0.0,0.0,0.0,0.0,0,0.0,0.0,0.0,0,0,0,0,0,0,0,0,0,0.0,0.0,0.0,0,0,0.0,0,0.0,0.0,0.0,0.0,1
16,56,50,0,0,0,0,0,0.0,0.0,0.0,6.0,2,1.0,0.0,0.0,2,0,0,0,0,0,0,0,0,0.0,0.0,0.0,0,0,0.0,0,0.0,0.0,0.0,0.0,1
16,19662,19662,0,0,0,0,0,0.0,0.0,0.0,0.0,0,0.0,0.0,0.0,0,0,0,0,0,0,0,0,0,0.0,0.0,0.0,0,0,0.0,0,0.0,0.0,0.0,0.0,1
16,32,32,0,0,0,0,0,0.0,0.0,0.0,0.0,1,15.0,0.0,0.0,1,0,1,0,7,0,0,0,0,0.0,0.0,0.0,0,0,0.0,0,0.0,0.0,0.0,0.0,1
16,49,49,0,0,0,0,2,1869.0,1869.0,0.0,0.0,1,82.0,0.0,0.0,1,0,1,0,63,83,42,13,1,1.0,0.0,0.0,1,62,1.0,0,0.0,0.0,0.5060240963855421,0.016129032258064516,1
16,19662,19662,0,0,0,0,0,0.0,0.0,0.0,0.0,0,0.0,0.0,0.0,0,0,0,0,0,0,0,0,0,0.0,0.0,0.0,0,0,0.0,0,0.0,0.0,0.0,0.0,1
16,19662,19662,0,0,0,0,0,0.0,0.0,0.0,0.0,0,0.0,0.0,0.0,0,0,0,0,0,0,0,0,0,0.0,0.0,0.0,0,0,0.0,0,0.0,0.0,0.0,0.0,1
16,19662,19662,0,0,0,0,0,0.0,0.0,0.0,0.0,0,0.0,0.0,0.0,0,0,0,0,0,0,0,0,0,0.0,0.0,0.0,0,0,0.0,0,0.0,0.0,0.0,0.0,1
16,55,32,0,0,0,0,1,765.0,765.0,0.0,23.0,3,3.2917,0.0,0.0,3,0,1,0,48,19,1,0,0,1.0,0.0,0.0,1,62,1.0,0,0.0,0.0,0.05263157894736842,0.016129032258064516,1
16,19662,19662,0,0,0,0,0,0.0,0.0,0.0,0.0,0,0.0,0.0,0.0,0,0,0,0,0,0,0,0,0,0.0,0.0,0.0,0,0,0.0,0,0.0,0.0,0.0,0.0,1
16,49,49,0,0,0,0,0,0.0,0.0,0.0,0.0,1,5.0,0.0,0.0,1,0,0,0,0,0,0,0,0,0.0,0.0,0.0,0,0,0.0,0,0.0,0.0,0.0,0.0,1
16,27,21,0,0,0,0,0,0.0,0.0,0.0,6.0,2,3.0,0.0,0.0,2,0,2,0,6,0,0,0,0,0.0,0.0,0.0,0,0,0.0,0,0.0,0.0,0.0,0.0,1
-1,50,50,0,0,0,0,0,0.0,0.0,0.0,0.0,1,1.0,0.0,0.0,1,0,0,0,0,0,0,0,0,0.0,0.0,0.0,0,0,0.0,0,0.0,0.0,0.0,0.0,1
-1,50,50,0,0,0,0,0,0.0,0.0,0.0,0.0,1,6.0,0.0,0.0,1,0,0,0,0,0,0,0,0,0.0,0.0,0.0,0,0,0.0,0,0.0,0.0,0.0,0.0,1
-1,50,43,0,0,0,0,0,0.0,0.0,0.0,7.0,2,1.25,0.0,0.0,2,0,0,0,0,0,0,0,0,0.0,0.0,0.0,0,0,0.0,0,0.0,0.0,0.0,0.0,1
-1,50,5,0,0,0,0,3,418785.6667,418785.6667,0.0,45.0,9,5.913,0.0,0.0,9,1,2,14,84,58,45,10,1,0.942031407,0.4815,0.1852,13,50,0.9398018461538,0,0.0,0.0,0.7758620689655172,0.26,0
-1,50,19,0,0,0,0,2,3660.5,3660.5,0.0,31.0,3,2.7188,0.0,0.0,3,0,1,0,62,56,46,8,0,0.92,0.1429,0.1429,2,61,0.9,0,0.0,0.0,0.8214285714285714,0.03278688524590164,1
-1,50,33,0,0,0,0,2,831.0,831.0,0.0,17.0,2,3.5556,0.0,0.0,2,0,1,0,40,58,39,15,1,0.85,0.0,0.0,3,60,0.825,0,0.0,0.0,0.6724137931034483,0.05,1
-1,50,31,0,0,0,0,2,63201.5,63201.5,0.0,19.0,3,3.65,0.0,0.0,3,2,2,4,45,59,43,12,1,1.0,0.0,0.0,1,62,1.0,0,0.0,0.0,0.7288135593220338,0.016129032258064516,1
-1,50,50,0,0,0,0,0,0.0,0.0,0.0,0.0,1,2.0,0.0,0.0,1,0,0,0,0,0,0,0,0,0.0,0.0,0.0,0,0,0.0,0,0.0,0.0,0.0,0.0,1
-1,49,11,0,0,0,0,13,32206.8462,32206.8462,78.238341968,38.0,13,26.0256,33.3333,78.0769,13,5,9,51,453,88,74,10,0,0.956956522,1.1081,0.2162,41,22,0.9721544715447,51,10.2,25.5,0.8409090909090909,1.8636363636363635,0
-1,49,49,0,0,0,0,0,0.0,0.0,0.0,0.0,1,2.0,0.0,0.0,1,0,0,0,0,0,0,0,0,0.0,0.0,0.0,0,0,0.0,0,0.0,0.0,0.0,0.0,1
16,49,1,0,0,0,0,18,67962.4444,67962.4444,88.336594911,48.0,40,47.1224,81.6327,57.725,40,14,29,87,1201,107,91,4,1,1.0,1.0976,0.4634,45,18,1.0,371,9.0488,18.55,0.8504672897196262,2.5,0
16,18,2,0,0,0,0,2,2605.0,2605.0,0.0,16.0,10,24.3529,0.0,0.0,10,6,1,24,48,57,48,6,1,0.992424242,1.0,0.5,16,47,0.9921875,0,0.0,0.0,0.8421052631578947,0.3404255319148936,0
16,47,1,0,0,0,0,4,2416.0,2416.0,88.828828828,46.0,9,6.6383,0.0,0.0,9,4,3,16,99,64,50,10,1,0.99199298,0.4565,0.1739,21,42,0.9906584761905,46,23.0,23.0,0.78125,0.5,0
16,49,4,0,0,0,0,3,1300899.0,1300899.0,0.0,45.0,4,1.6739,0.0,0.0,4,0,4,0,47,58,37,18,1,0.92,0.0444,0.0444,2,61,0.9,0,0.0,0.0,0.6379310344827587,0.03278688524590164,0
16,19662,19662,0,0,0,0,0,0.0,0.0,0.0,0.0,0,0.0,0.0,0.0,0,0,0,0,0,0,0,0,0,0.0,0.0,0.0,0,0,0.0,0,0.0,0.0,0.0,0.0,1
16,19662,19662,0,0,0,0,0,0.0,0.0,0.0,0.0,1,1.0,0.0,0.0,1,0,0,0,0,0,0,0,0,0.0,0.0,0.0,0,0,0.0,0,0.0,0.0,0.0,0.0,1
16,48,48,0,0,0,0,0,0.0,0.0,0.0,0.0,1,19.0,0.0,0.0,1,0,1,0,6,0,0,0,0,0.0,0.0,0.0,0,0,0.0,0,0.0,0.0,0.0,0.0,1
16,19662,19662,0,0,0,0,0,0.0,0.0,0.0,0.0,0,0.0,0.0,0.0,0,0,0,0,0,0,0,0,0,0.0,0.0,0.0,0,0,0.0,0,0.0,0.0,0.0,0.0,1
16,49,49,0,0,0,0,2,85.0,85.0,0.0,0.0,1,51.0,0.0,0.0,1,0,1,0,42,42,2,0,0,1.0,0.0,0.0,1,62,1.0,0,0.0,0.0,0.047619047619047616,0.016129032258064516,1
16,33,33,0,0,0,0,0,0.0,0.0,0.0,0.0,1,8.0,0.0,0.0,1,0,0,0,0,0,0,0,0,0.0,0.0,0.0,0,0,0.0,0,0.0,0.0,0.0,0.0,1
16,19662,19662,0,0,0,0,0,0.0,0.0,0.0,0.0,0,0.0,0.0,0.0,0,0,0,0,0,0,0,0,0,0.0,0.0,0.0,0,0,0.0,0,0.0,0.0,0.0,0.0,1
16,19662,19662,0,0,0,0,0,0.0,0.0,0.0,0.0,1,1.0,0.0,0.0,1,0,0,0,0,0,0,0,0,0.0,0.0,0.0,0,0,0.0,0,0.0,0.0,0.0,0.0,1
16,19662,19662,0,0,0,0,0,0.0,0.0,0.0,0.0,0,0.0,0.0,0.0,0,0,0,0,0,0,0,0,0,0.0,0.0,0.0,0,0,0.0,0,0.0,0.0,0.0,0.0,1
16,19662,19662,0,0,0,0,0,0.0,0.0,0.0,0.0,0,0.0,0.0,0.0,0,0,0,0,0,0,0,0,0,0.0,0.0,0.0,0,0,0.0,0,0.0,0.0,0.0,0.0,1
16,47,7,0,0,0,0,10,1954.2,1954.2,76.428571428,40.0,14,23.9268,34.1463,70.0714,14,6,5,40,409,75,61,12,1,1.0,1.4737,0.5263,28,35,1.0,17,0.7727,5.6667,0.8133333333333334,0.8,0
16,19662,19662,0,0,0,0,0,0.0,0.0,0.0,0.0,0,0.0,0.0,0.0,0,0,0,0,0,0,0,0,0,0.0,0.0,0.0,0,0,0.0,0,0.0,0.0,0.0,0.0,1
16,46,46,0,0,0,0,0,0.0,0.0,0.0,0.0,1,6.0,0.0,0.0,1,0,0,0,0,0,0,0,0,0.0,0.0,0.0,0,0,0.0,0,0.0,0.0,0.0,0.0,1
16,19662,19662,0,0,0,0,0,0.0,0.0,0.0,0.0,0,0.0,0.0,0.0,0,0,0,0,0,0,0,0,0,0.0,0.0,0.0,0,0,0.0,0,0.0,0.0,0.0,0.0,1
16,19662,19662,0,0,0,0,0,0.0,0.0,0.0,0.0,0,0.0,0.0,0.0,0,0,0,0,0,0,0,0,0,0.0,0.0,0.0,0,0,0.0,0,0.0,0.0,0.0,0.0,1
16,32,32,0,0,0,0,0,0.0,0.0,0.0,0.0,1,7.0,0.0,0.0,1,1,0,2,0,0,0,0,0,0.0,0.0,0.0,0,0,0.0,0,0.0,0.0,0.0,0.0,1
16,19662,19662,0,0,0,0,0,0.0,0.0,0.0,0.0,0,0.0,0.0,0.0,0,0,0,0,0,0,0,0,0,0.0,0.0,0.0,0,0,0.0,0,0.0,0.0,0.0,0.0,1
16,48,48,0,0,0,0,0,0.0,0.0,0.0,0.0,1,2.0,0.0,0.0,1,0,0,0,0,0,0,0,0,0.0,0.0,0.0,0,0,0.0,0,0.0,0.0,0.0,0.0,1
16,19662,19662,0,0,0,0,0,0.0,0.0,0.0,0.0,0,0.0,0.0,0.0,0,0,0,0,0,0,0,0,0,0.0,0.0,0.0,0,0,0.0,0,0.0,0.0,0.0,0.0,1
16,19662,19662,0,0,0,0,0,0.0,0.0,0.0,0.0,0,0.0,0.0,0.0,0,0,0,0,0,0,0,0,0,0.0,0.0,0.0,0,0,0.0,0,0.0,0.0,0.0,0.0,1
16,46,4,0,0,0,0,2,1537.5,1537.5,0.0,42.0,13,10.6279,30.2326,35.1538,13,6,4,42,62,56,40,12,1,0.988571429,0.4048,0.1667,17,46,0.9882352941176,2,0.0,2.0,0.7142857142857143,0.3695652173913043,0
16,19662,19662,0,0,0,0,0,0.0,0.0,0.0,0.0,0,0.0,0.0,0.0,0,0,0,0,0,0,0,0,0,0.0,0.0,0.0,0,0,0.0,0,0.0,0.0,0.0,0.0,1
16,19662,19662,0,0,0,0,0,0.0,0.0,0.0,0.0,0,0.0,0.0,0.0,0,0,0,0,0,0,0,0,0,0.0,0.0,0.0,0,0,0.0,0,0.0,0.0,0.0,0.0,1
16,46,13,0,0,0,0,2,1837.5,1837.5,0.0,33.0,2,2.4412,0.0,0.0,2,0,1,0,50,59,46,9,1,0.92,0.0,0.0,2,61,0.9,0,0.0,0.0,0.7796610169491526,0.03278688524590164,0
16,49,0,0,0,2,0,19,70575.4211,70575.4211,86.617375231,49.0,34,70.68,68.0,103.9412,34,13,25,115,2182,106,93,4,1,0.990728477,1.3611,0.5,49,14,0.9955782312925,144,3.4286,12.0,0.8773584905660378,3.5,0
-1,49,39,0,0,0,0,2,128774.5,128774.5,0.0,10.0,5,18.5455,0.0,0.0,5,1,3,8,120,57,44,11,0,1.0,0.0,0.0,1,62,1.0,0,0.0,0.0,0.7719298245614035,0.016129032258064516,1
-1,49,16,0,0,0,0,3,118388.3333,118388.3333,0.0,33.0,5,5.5588,0.0,0.0,5,3,3,8,118,118,93,20,0,1.0,0.1111,0.0741,3,60,1.0,0,0.0,0.0,0.788135593220339,0.05,1
-1,49,33,0,0,0,0,0,0.0,0.0,0.0,16.0,2,1.5882,0.0,0.0,2,0,1,0,8,0,1,0,0,0.0,0.0,0.0,0,0,0.0,0,0.0,0.0,0.0,0.0,1
-1,49,1,0,0,0,0,2,1655.5,1655.5,0.0,48.0,13,5.6939,26.5306,21.4615,13,2,1,11,52,58,47,7,1,1.0,0.44,0.28,11,52,1.0,0,0.0,0.0,0.8103448275862069,0.21153846153846154,0
-1,49,49,0,0,0,0,0,0.0,0.0,0.0,0.0,1,2.0,0.0,0.0,1,0,0,0,0,0,0,0,0,0.0,0.0,0.0,0,0,0.0,0,0.0,0.0,0.0,0.0,1
-1,49,8,0,0,0,0,2,1138.0,1138.0,0.0,41.0,10,7.3571,0.0,0.0,10,3,2,44,48,57,41,12,1,1.0,6.0,2.0,6,57,1.0,0,0.0,0.0,0.7192982456140351,0.10526315789473684,0
16,48,0,0,0,2,0,2,820960.0,820960.0,64.264705882,48.0,21,24.1224,42.8571,56.2857,21,7,6,84,68,55,40,10,1,0.982369152,0.64,0.12,16,47,0.9818181875,0,0.0,0.0,0.7272727272727273,0.3404255319148936,0
16,48,1,0,0,0,0,2,1081.0,1081.0,0.0,47.0,24,19.7292,50.0,39.4583,24,2,4,13,74,58,41,13,1,0.984006741,1.0,0.3077,13,50,0.9833916153846,0,0.0,0.0,0.7068965517241379,0.26,0
16,45,0,0,0,4,0,4,213331.25,284262.0,29.157894736,45.0,34,65.1739,73.913,88.1765,34,14,14,57,165,71,47,10,1,0.926331385,0.1935,0.0968,6,57,0.9201923333333,0,0.0,0.0,0.6619718309859155,0.10526315789473684,0
-1,48,43,0,0,0,0,2,1362.5,1362.5,0.0,5.0,3,11.5,0.0,0.0,3,2,1,3,51,60,48,8,1,1.0,0.0,0.0,1,62,1.0,0,0.0,0.0,0.8,0.016129032258064516,1
-1,48,48,0,0,0,0,0,0.0,0.0,0.0,0.0,1,11.0,0.0,0.0,1,0,0,0,0,0,0,0,0,0.0,0.0,0.0,0,0,0.0,0,0.0,0.0,0.0,0.0,1
-1,47,42,0,0,0,0,1,219.0,219.0,0.0,5.0,2,13.1667,0.0,0.0,2,1,1,4,56,57,1,0,0,1.0,0.0,0.0,1,62,1.0,0,0.0,0.0,0.017543859649122806,0.016129032258064516,1
-1,47,18,0,0,0,0,5,159373.0,193884.0,34.795321637,29.0,9,23.6333,0.0,0.0,9,3,7,25,409,60,38,20,1,0.934451143,0.8214,0.25,23,40,0.9519153478261,24,1.0,4.8,0.6333333333333333,0.575,1
-1,47,47,0,0,0,0,0,0.0,0.0,0.0,0.0,1,2.0,0.0,0.0,1,0,0,0,0,0,0,0,0,0.0,0.0,0.0,0,0,0.0,0,0.0,0.0,0.0,0.0,1
16,19662,19662,0,0,0,0,0,0.0,0.0,0.0,0.0,0,0.0,0.0,0.0,0,0,0,0,0,0,0,0,0,0.0,0.0,0.0,0,0,0.0,0,0.0,0.0,0.0,0.0,1
16,19662,19662,0,0,0,0,0,0.0,0.0,0.0,0.0,0,0.0,0.0,0.0,0,0,0,0,0,0,0,0,0,0.0,0.0,0.0,0,0,0.0,0,0.0,0.0,0.0,0.0,1
16,42,42,0,0,0,0,2,448.5,448.5,0.0,0.0,1,52.0,0.0,0.0,1,0,1,0,34,56,35,18,1,1.0,0.0,0.0,1,62,1.0,0,0.0,0.0,0.625,0.016129032258064516,1
16,19662,19662,0,0,0,0,0,0.0,0.0,0.0,0.0,0,0.0,0.0,0.0,0,0,0,0,0,0,0,0,0,0.0,0.0,0.0,0,0,0.0,0,0.0,0.0,0.0,0.0,1
16,19662,19662,0,0,0,0,0,0.0,0.0,0.0,0.0,0,0.0,0.0,0.0,0,0,0,0,0,0,0,0,0,0.0,0.0,0.0,0,0,0.0,0,0.0,0.0,0.0,0.0,1
16,19662,19662,0,0,0,0,0,0.0,0.0,0.0,0.0,1,1.0,0.0,0.0,1,0,0,0,0,0,0,0,0,0.0,0.0,0.0,0,0,0.0,0,0.0,0.0,0.0,0.0,1
16,12,12,0,0,0,0,0,0.0,0.0,0.0,0.0,1,7.0,0.0,0.0,1,0,0,0,0,0,0,0,0,0.0,0.0,0.0,0,0,0.0,0,0.0,0.0,0.0,0.0,0
16,19662,19662,0,0,0,0,0,0.0,0.0,0.0,0.0,0,0.0,0.0,0.0,0,0,0,0,0,0,0,0,0,0.0,0.0,0.0,0,0,0.0,0,0.0,0.0,0.0,0.0,1
16,33,33,0,0,0,0,0,0.0,0.0,0.0,0.0,1,20.0,0.0,0.0,1,0,0,0,0,0,0,0,0,0.0,0.0,0.0,0,0,0.0,0,0.0,0.0,0.0,0.0,1
16,19662,19662,0,0,0,0,0,0.0,0.0,0.0,0.0,0,0.0,0.0,0.0,0,0,0,0,0,0,0,0,0,0.0,0.0,0.0,0,0,0.0,0,0.0,0.0,0.0,0.0,1
16,13,13,0,0,0,0,0,0.0,0.0,0.0,0.0,1,31.0,0.0,0.0,1,1,1,1,8,0,1,0,0,0.0,0.0,0.0,0,0,0.0,0,0.0,0.0,0.0,0.0,0
16,47,13,0,0,0,0,2,1563.0,1563.0,0.0,34.0,3,3.9429,0.0,0.0,3,2,1,7,51,58,39,16,1,0.903173692,1.2,0.4,6,57,0.8951048333333,0,0.0,0.0,0.6724137931034483,0.10526315789473684,0
16,19662,19662,0,0,0,0,0,0.0,0.0,0.0,0.0,0,0.0,0.0,0.0,0,0,0,0,0,0,0,0,0,0.0,0.0,0.0,0,0,0.0,0,0.0,0.0,0.0,0.0,1
16,13,13,0,0,0,0,0,0.0,0.0,0.0,0.0,1,4.0,0.0,0.0,1,0,0,0,0,0,0,0,0,0.0,0.0,0.0,0,0,0.0,0,0.0,0.0,0.0,0.0,0
16,46,31,0,0,0,0,2,2455.5,2455.5,0.0,15.0,2,5.3125,0.0,0.0,2,2,1,4,59,57,40,15,0,1.0,0.0,0.0,1,62,1.0,0,0.0,0.0,0.7017543859649122,0.016129032258064516,1
16,19662,19662,0,0,0,0,0,0.0,0.0,0.0,0.0,0,0.0,0.0,0.0,0,0,0,0,0,0,0,0,0,0.0,0.0,0.0,0,0,0.0,0,0.0,0.0,0.0,0.0,1
16,19662,19662,0,0,0,0,0,0.0,0.0,0.0,0.0,0,0.0,0.0,0.0,0,0,0,0,0,0,0,0,0,0.0,0.0,0.0,0,0,0.0,0,0.0,0.0,0.0,0.0,1
16,39,35,0,0,0,0,2,2495.0,2495.0,0.0,4.0,2,20.2,0.0,0.0,2,1,2,1,64,58,46,8,1,1.0,0.75,0.5,3,60,1.0,0,0.0,0.0,0.7931034482758621,0.05,1
16,19662,19662,0,0,0,0,0,0.0,0.0,0.0,0.0,0,0.0,0.0,0.0,0,0,0,0,0,0,0,0,0,0.0,0.0,0.0,0,0,0.0,0,0.0,0.0,0.0,0.0,1
16,19662,19662,0,0,0,0,0,0.0,0.0,0.0,0.0,0,0.0,0.0,0.0,0,0,0,0,0,0,0,0,0,0.0,0.0,0.0,0,0,0.0,0,0.0,0.0,0.0,0.0,1
16,21,21,0,0,0,0,1,91.0,91.0,0.0,0.0,1,44.0,0.0,0.0,1,0,1,0,34,49,1,0,0,1.0,0.0,0.0,1,62,1.0,0,0.0,0.0,0.02040816326530612,0.016129032258064516,1
16,33,13,0,0,0,0,0,0.0,0.0,0.0,20.0,2,1.5714,0.0,0.0,2,1,0,1,0,0,0,0,0,0.0,0.0,0.0,0,0,0.0,0,0.0,0.0,0.0,0.0,0
16,33,33,0,0,0,0,0,0.0,0.0,0.0,14.0,2,0.4,0.0,0.0,2,0,0,0,0,0,0,0,0,0.0,0.0,0.0,0,0,0.0,0,0.0,0.0,0.0,0.0,1
16,47,4,0,0,0,0,0,0.0,0.0,0.0,43.0,3,0.6591,0.0,0.0,3,1,1,1,6,0,0,0,0,0.0,0.0,0.0,0,0,0.0,0,0.0,0.0,0.0,0.0,0
16,19662,19662,0,0,0,0,0,0.0,0.0,0.0,0.0,0,0.0,0.0,0.0,0,0,0,0,0,0,0,0,0,0.0,0.0,0.0,0,0,0.0,0,0.0,0.0,0.0,0.0,1
16,19662,19662,0,0,0,0,0,0.0,0.0,0.0,0.0,0,0.0,0.0,0.0,0,0,0,0,0,0,0,0,0,0.0,0.0,0.0,0,0,0.0,0,0.0,0.0,0.0,0.0,1
16,47,17,0,0,0,0,2,11847.0,11847.0,0.0,30.0,23,14.6129,74.1935,19.6957,23,4,2,19,52,57,41,15,0,0.947246171,0.6071,0.3571,17,46,0.9456945882353,8,0.0,8.0,0.7192982456140351,0.3695652173913043,1
16,19662,19662,0,0,0,0,0,0.0,0.0,0.0,0.0,0,0.0,0.0,0.0,0,0,0,0,0,0,0,0,0,0.0,0.0,0.0,0,0,0.0,0,0.0,0.0,0.0,0.0,1
16,19662,19662,0,0,0,0,0,0.0,0.0,0.0,0.0,0,0.0,0.0,0.0,0,0,0,0,0,0,0,0,0,0.0,0.0,0.0,0,0,0.0,0,0.0,0.0,0.0,0.0,1
16,19662,19662,0,0,0,0,0,0.0,0.0,0.0,0.0,0,0.0,0.0,0.0,0,0,0,0,0,0,0,0,0,0.0,0.0,0.0,0,0,0.0,0,0.0,0.0,0.0,0.0,1
16,19662,19662,0,0,0,0,0,0.0,0.0,0.0,0.0,0,0.0,0.0,0.0,0,0,0,0,0,0,0,0,0,0.0,0.0,0.0,0,0,0.0,0,0.0,0.0,0.0,0.0,1
16,19662,19662,0,0,0,0,0,0.0,0.0,0.0,0.0,0,0.0,0.0,0.0,0,0,0,0,0,0,0,0,0,0.0,0.0,0.0,0,0,0.0,0,0.0,0.0,0.0,0.0,1
16,19662,19662,0,0,0,0,0,0.0,0.0,0.0,0.0,0,0.0,0.0,0.0,0,0,0,0,0,0,0,0,0,0.0,0.0,0.0,0,0,0.0,0,0.0,0.0,0.0,0.0,1
16,19662,19662,0,0,0,0,0,0.0,0.0,0.0,0.0,0,0.0,0.0,0.0,0,0,0,0,0,0,0,0,0,0.0,0.0,0.0,0,0,0.0,0,0.0,0.0,0.0,0.0,1
16,19662,19662,0,0,0,0,0,0.0,0.0,0.0,0.0,0,0.0,0.0,0.0,0,0,0,0,0,0,0,0,0,0.0,0.0,0.0,0,0,0.0,0,0.0,0.0,0.0,0.0,1
16,19662,19662,0,0,0,0,0,0.0,0.0,0.0,0.0,0,0.0,0.0,0.0,0,0,0,0,0,0,0,0,0,0.0,0.0,0.0,0,0,0.0,0,0.0,0.0,0.0,0.0,1
16,33,33,0,0,0,0,0,0.0,0.0,0.0,5.0,2,2.0,0.0,0.0,2,0,1,0,1,0,0,0,0,0.0,0.0,0.0,0,0,0.0,0,0.0,0.0,0.0,0.0,1
16,19662,19662,0,0,0,0,0,0.0,0.0,0.0,0.0,0,0.0,0.0,0.0,0,0,0,0,0,0,0,0,0,0.0,0.0,0.0,0,0,0.0,0,0.0,0.0,0.0,0.0,1
16,47,47,0,0,0,0,1,419.0,419.0,0.0,0.0,1,70.0,0.0,0.0,1,1,1,2,52,54,1,0,0,1.0,0.0,0.0,1,62,1.0,0,0.0,0.0,0.018518518518518517,0.016129032258064516,1
16,19662,19662,0,0,0,0,0,0.0,0.0,0.0,0.0,0,0.0,0.0,0.0,0,0,0,0,0,0,0,0,0,0.0,0.0,0.0,0,0,0.0,0,0.0,0.0,0.0,0.0,1
16,19662,19662,0,0,0,0,0,0.0,0.0,0.0,0.0,0,0.0,0.0,0.0,0,0,0,0,0,0,0,0,0,0.0,0.0,0.0,0,0,0.0,0,0.0,0.0,0.0,0.0,1
16,19662,19662,0,0,0,0,0,0.0,0.0,0.0,0.0,0,0.0,0.0,0.0,0,0,0,0,0,0,0,0,0,0.0,0.0,0.0,0,0,0.0,0,0.0,0.0,0.0,0.0,1
16,19662,19662,0,0,0,0,0,0.0,0.0,0.0,0.0,0,0.0,0.0,0.0,0,0,0,0,0,0,0,0,0,0.0,0.0,0.0,0,0,0.0,0,0.0,0.0,0.0,0.0,1
16,42,42,0,0,0,0,0,0.0,0.0,0.0,0.0,1,10.0,0.0,0.0,1,0,0,0,0,0,0,0,0,0.0,0.0,0.0,0,0,0.0,0,0.0,0.0,0.0,0.0,1
16,19662,19662,0,0,0,0,0,0.0,0.0,0.0,0.0,0,0.0,0.0,0.0,0,0,0,0,0,0,0,0,0,0.0,0.0,0.0,0,0,0.0,0,0.0,0.0,0.0,0.0,1
16,19662,19662,0,0,0,0,0,0.0,0.0,0.0,0.0,1,1.0,0.0,0.0,1,0,0,0,0,0,0,0,0,0.0,0.0,0.0,0,0,0.0,0,0.0,0.0,0.0,0.0,1
16,19662,19662,0,0,0,0,0,0.0,0.0,0.0,0.0,0,0.0,0.0,0.0,0,0,0,0,0,0,0,0,0,0.0,0.0,0.0,0,0,0.0,0,0.0,0.0,0.0,0.0,1
16,42,42,0,0,0,0,0,0.0,0.0,0.0,0.0,1,2.0,0.0,0.0,1,0,0,0,0,0,0,0,0,0.0,0.0,0.0,0,0,0.0,0,0.0,0.0,0.0,0.0,1
16,31,31,0,0,0,0,0,0.0,0.0,0.0,0.0,1,7.0,0.0,0.0,1,0,0,0,0,0,0,0,0,0.0,0.0,0.0,0,0,0.0,0,0.0,0.0,0.0,0.0,1
16,19662,19662,0,0,0,0,0,0.0,0.0,0.0,0.0,0,0.0,0.0,0.0,0,0,0,0,0,0,0,0,0,0.0,0.0,0.0,0,0,0.0,0,0.0,0.0,0.0,0.0,1
16,19662,19662,0,0,0,0,0,0.0,0.0,0.0,0.0,0,0.0,0.0,0.0,0,0,0,0,0,0,0,0,0,0.0,0.0,0.0,0,0,0.0,0,0.0,0.0,0.0,0.0,1
-1,45,30,0,0,0,0,2,700.5,700.5,0.0,15.0,4,13.3125,0.0,0.0,4,3,2,7,53,57,41,12,1,0.969230769,2.0,1.0,6,57,0.9666666666667,0,0.0,0.0,0.7192982456140351,0.10526315789473684,1
-1,45,42,0,0,0,0,2,1728.5,1728.5,0.0,3.0,2,28.25,0.0,0.0,2,1,1,5,54,57,45,9,1,0.92,0.0,0.0,2,61,0.9,0,0.0,0.0,0.7894736842105263,0.03278688524590164,1
-1,44,31,0,0,0,0,4,10970.25,10970.25,78.793103448,13.0,6,25.4286,0.0,0.0,6,4,2,19,100,67,43,19,1,0.989182122,3.5,0.8333,21,42,0.9873791428571,47,0.0,47.0,0.6417910447761194,0.5,1
16,33,32,0,0,0,0,2,1758.5,1758.5,0.0,1.0,2,39.5,0.0,0.0,2,1,2,2,61,58,44,10,1,1.0,0.0,0.0,1,62,1.0,0,0.0,0.0,0.7586206896551724,0.016129032258064516,1
16,43,28,0,0,0,0,2,2055.5,2055.5,0.0,15.0,3,5.625,0.0,0.0,3,0,1,0,54,58,48,6,1,1.0,0.1333,0.1333,2,61,1.0,0,0.0,0.0,0.8275862068965517,0.03278688524590164,1
16,43,0,0,0,0,0,3,845.6667,845.6667,40.862068965,43.0,12,12.5,27.2727,45.8333,12,6,6,33,113,64,40,17,1,0.937019692,0.4524,0.1667,19,44,0.9353623157895,9,0.0,9.0,0.625,0.4318181818181818,0
16,41,41,0,0,0,0,1,256.0,256.0,0.0,0.0,1,30.0,0.0,0.0,1,1,1,2,10,0,1,0,0,1.0,0.0,0.0,1,62,1.0,0,0.0,0.0,0.0,0.016129032258064516,1
16,43,25,0,0,0,0,2,4609.5,4609.5,0.0,18.0,3,6.4211,0.0,0.0,3,1,1,3,68,60,46,12,0,0.92,0.1538,0.1538,2,61,0.9,0,0.0,0.0,0.7666666666666667,0.03278688524590164,1
16,42,1,0,0,0,0,2,35061.5,35061.5,0.0,41.0,23,14.9286,54.7619,27.2609,23,6,1,22,80,58,45,12,0,0.986111111,0.325,0.225,13,50,0.9855769230769,0,0.0,0.0,0.7758620689655172,0.26,0
16,19662,19662,0,0,0,0,0,0.0,0.0,0.0,0.0,0,0.0,0.0,0.0,0,0,0,0,0,0,0,0,0,0.0,0.0,0.0,0,0,0.0,0,0.0,0.0,0.0,0.0,1
16,31,31,0,0,0,0,2,1434.0,1434.0,0.0,0.0,1,105.0,0.0,0.0,1,1,1,7,55,60,50,6,1,1.0,0.0,0.0,1,62,1.0,0,0.0,0.0,0.8333333333333334,0.016129032258064516,1
16,39,20,0,0,0,0,2,554.5,554.5,0.0,26.0,4,6.8519,0.0,0.0,4,2,1,8,27,6,2,1,0,1.0,0.4286,0.1429,6,57,1.0,0,0.0,0.0,0.3333333333333333,0.10526315789473684,1
16,31,0,0,0,0,0,11,1627.4545,1627.4545,97.35395189,31.0,17,19.7188,53.125,37.1176,17,8,8,35,295,83,74,5,1,0.985532505,1.1935,0.4839,37,26,0.9798628108108,33,2.3571,5.5,0.891566265060241,1.4230769230769231,0
16,19662,19662,0,0,0,0,0,0.0,0.0,0.0,0.0,0,0.0,0.0,0.0,0,0,0,0,0,0,0,0,0,0.0,0.0,0.0,0,0,0.0,0,0.0,0.0,0.0,0.0,1
16,19662,19662,0,0,0,0,0,0.0,0.0,0.0,0.0,0,0.0,0.0,0.0,0,0,0,0,0,0,0,0,0,0.0,0.0,0.0,0,0,0.0,0,0.0,0.0,0.0,0.0,1
16,43,3,0,0,0,0,14,23854.5,23854.5,95.552560646,40.0,10,19.6341,0.0,0.0,10,7,7,55,314,89,81,5,1,0.976819136,1.4333,0.2667,43,20,0.9818107596899,63,2.3333,10.5,0.9101123595505618,2.15,0
16,40,13,0,0,0,0,2,4610.0,4610.0,0.0,27.0,2,2.5714,0.0,0.0,2,0,1,0,50,58,54,3,0,1.0,0.0,0.0,1,62,1.0,0,0.0,0.0,0.9310344827586207,0.016129032258064516,0
16,39,39,0,0,0,0,2,823.5,823.5,0.0,0.0,1,62.0,0.0,0.0,1,1,1,4,38,58,50,4,1,1.0,0.0,0.0,2,61,1.0,0,0.0,0.0,0.8620689655172413,0.03278688524590164,1
-1,43,13,0,0,0,0,2,41117.5,41117.5,0.0,30.0,7,6.5806,0.0,0.0,7,3,2,13,51,55,39,12,1,0.853318087,0.4783,0.1739,11,52,0.8466507272727,0,0.0,0.0,0.7090909090909091,0.21153846153846154,0
-1,43,22,0,0,0,0,2,978.5,978.5,0.0,21.0,4,3.4545,0.0,0.0,4,1,1,3,48,58,41,15,0,1.0,0.0,0.0,1,62,1.0,0,0.0,0.0,0.7068965517241379,0.016129032258064516,1
-1,43,43,0,0,0,0,0,0.0,0.0,0.0,0.0,1,10.0,0.0,0.0,1,0,0,0,0,0,0,0,0,0.0,0.0,0.0,0,0,0.0,0,0.0,0.0,0.0,0.0,1
-1,43,33,0,0,0,0,2,307.5,307.5,0.0,10.0,4,7.4545,0.0,0.0,4,0,1,0,29,60,34,22,1,1.0,0.0,0.0,1,62,1.0,0,0.0,0.0,0.5666666666666667,0.016129032258064516,1
16,19662,19662,0,0,0,0,0,0.0,0.0,0.0,0.0,0,0.0,0.0,0.0,0,0,0,0,0,0,0,0,0,0.0,0.0,0.0,0,0,0.0,0,0.0,0.0,0.0,0.0,1
16,19662,19662,0,0,0,0,0,0.0,0.0,0.0,0.0,0,0.0,0.0,0.0,0,0,0,0,0,0,0,0,0,0.0,0.0,0.0,0,0,0.0,0,0.0,0.0,0.0,0.0,1
16,19662,19662,0,0,0,0,0,0.0,0.0,0.0,0.0,0,0.0,0.0,0.0,0,0,0,0,0,0,0,0,0,0.0,0.0,0.0,0,0,0.0,0,0.0,0.0,0.0,0.0,1
16,32,32,0,0,0,0,0,0.0,0.0,0.0,0.0,1,5.0,0.0,0.0,1,0,0,0,0,0,0,0,0,0.0,0.0,0.0,0,0,0.0,0,0.0,0.0,0.0,0.0,1
16,42,36,0,0,0,0,0,0.0,0.0,0.0,6.0,2,0.5714,0.0,0.0,2,0,0,0,0,0,0,0,0,0.0,0.0,0.0,0,0,0.0,0,0.0,0.0,0.0,0.0,1
16,19662,19662,0,0,0,0,0,0.0,0.0,0.0,0.0,0,0.0,0.0,0.0,0,0,0,0,0,0,0,0,0,0.0,0.0,0.0,0,0,0.0,0,0.0,0.0,0.0,0.0,1
16,41,1,0,0,0,0,2,883.0,883.0,0.0,40.0,6,2.1463,0.0,0.0,6,0,2,0,41,60,49,7,1,0.942857143,0.3,0.3,3,60,0.9333333333333,0,0.0,0.0,0.8166666666666667,0.05,0
16,19662,19662,0,0,0,0,0,0.0,0.0,0.0,0.0,1,2.0,0.0,0.0,1,0,0,0,0,0,0,0,0,0.0,0.0,0.0,0,0,0.0,0,0.0,0.0,0.0,0.0,1
16,19662,19662,0,0,0,0,0,0.0,0.0,0.0,0.0,0,0.0,0.0,0.0,0,0,0,0,0,0,0,0,0,0.0,0.0,0.0,0,0,0.0,0,0.0,0.0,0.0,0.0,1
16,19662,19662,0,0,0,0,0,0.0,0.0,0.0,0.0,0,0.0,0.0,0.0,0,0,0,0,0,0,0,0,0,0.0,0.0,0.0,0,0,0.0,0,0.0,0.0,0.0,0.0,1
16,33,33,0,0,0,0,0,0.0,0.0,0.0,0.0,1,5.0,0.0,0.0,1,0,0,0,0,0,0,0,0,0.0,0.0,0.0,0,0,0.0,0,0.0,0.0,0.0,0.0,1
16,42,13,0,0,0,0,0,0.0,0.0,0.0,29.0,8,8.2,0.0,0.0,8,4,4,27,40,0,1,0,0,0.0,0.0,0.0,0,0,0.0,0,0.0,0.0,0.0,0.0,0
16,19662,19662,0,0,0,0,0,0.0,0.0,0.0,0.0,0,0.0,0.0,0.0,0,0,0,0,0,0,0,0,0,0.0,0.0,0.0,0,0,0.0,0,0.0,0.0,0.0,0.0,1
16,42,42,0,0,0,0,0,0.0,0.0,0.0,0.0,1,15.0,0.0,0.0,1,1,1,3,3,0,0,0,0,0.0,0.0,0.0,0,0,0.0,0,0.0,0.0,0.0,0.0,1
16,41,41,0,0,0,0,0,0.0,0.0,0.0,0.0,1,2.0,0.0,0.0,1,0,0,0,0,0,0,0,0,0.0,0.0,0.0,0,0,0.0,0,0.0,0.0,0.0,0.0,1
16,19662,19662,0,0,0,0,0,0.0,0.0,0.0,0.0,0,0.0,0.0,0.0,0,0,0,0,0,0,0,0,0,0.0,0.0,0.0,0,0,0.0,0,0.0,0.0,0.0,0.0,1
16,33,11,0,0,0,0,2,3318.0,3318.0,0.0,22.0,2,6.913,0.0,0.0,2,1,1,7,73,60,44,12,1,0.92,0.0909,0.0909,2,61,0.9,0,0.0,0.0,0.7333333333333333,0.03278688524590164,0
16,19662,19662,0,0,0,0,0,0.0,0.0,0.0,0.0,1,1.0,0.0,0.0,1,0,0,0,0,0,0,0,0,0.0,0.0,0.0,0,0,0.0,0,0.0,0.0,0.0,0.0,1
16,42,42,0,0,0,0,1,141.0,141.0,0.0,0.0,1,21.0,0.0,0.0,1,0,1,0,12,0,1,0,0,1.0,0.0,0.0,1,62,1.0,0,0.0,0.0,0.0,0.016129032258064516,1
16,19662,19662,0,0,0,0,0,0.0,0.0,0.0,0.0,0,0.0,0.0,0.0,0,0,0,0,0,0,0,0,0,0.0,0.0,0.0,0,0,0.0,0,0.0,0.0,0.0,0.0,1
16,19662,19662,0,0,0,0,0,0.0,0.0,0.0,0.0,0,0.0,0.0,0.0,0,0,0,0,0,0,0,0,0,0.0,0.0,0.0,0,0,0.0,0,0.0,0.0,0.0,0.0,1
16,21,4,0,0,0,0,0,0.0,0.0,0.0,17.0,2,0.4444,0.0,0.0,2,1,0,2,0,0,0,0,0,0.0,0.0,0.0,0,0,0.0,0,0.0,0.0,0.0,0.0,0
16,38,1,0,0,0,0,1,996.0,996.0,0.0,37.0,4,2.2895,0.0,0.0,4,0,4,0,44,36,1,0,0,1.0,0.0,0.0,1,62,1.0,0,0.0,0.0,0.027777777777777776,0.016129032258064516,0
16,19662,19662,0,0,0,0,0,0.0,0.0,0.0,0.0,0,0.0,0.0,0.0,0,0,0,0,0,0,0,0,0,0.0,0.0,0.0,0,0,0.0,0,0.0,0.0,0.0,0.0,1
16,19662,19662,0,0,0,0,0,0.0,0.0,0.0,0.0,0,0.0,0.0,0.0,0,0,0,0,0,0,0,0,0,0.0,0.0,0.0,0,0,0.0,0,0.0,0.0,0.0,0.0,1
16,42,13,0,0,0,0,1,47598.0,47598.0,0.0,29.0,6,2.4,0.0,0.0,6,0,2,0,44,40,1,0,0,1.0,0.0,0.0,1,62,1.0,0,0.0,0.0,0.025,0.016129032258064516,0
-1,41,41,0,0,0,0,0,0.0,0.0,0.0,0.0,1,3.0,0.0,0.0,1,0,0,0,0,0,0,0,0,0.0,0.0,0.0,0,0,0.0,0,0.0,0.0,0.0,0.0,1
-1,41,33,0,0,0,0,2,18808.0,18808.0,0.0,8.0,3,6.1111,0.0,0.0,3,1,1,3,27,0,2,0,0,1.0,0.0,0.0,1,62,1.0,0,0.0,0.0,0.0,0.016129032258064516,1
-1,39,39,0,0,0,0,0,0.0,0.0,0.0,0.0,1,7.0,0.0,0.0,1,0,0,0,0,0,0,0,0,0.0,0.0,0.0,0,0,0.0,0,0.0,0.0,0.0,0.0,1
16,19662,19662,0,0,0,0,0,0.0,0.0,0.0,0.0,0,0.0,0.0,0.0,0,0,0,0,0,0,0,0,0,0.0,0.0,0.0,0,0,0.0,0,0.0,0.0,0.0,0.0,1
16,19662,19662,0,0,0,0,0,0.0,0.0,0.0,0.0,0,0.0,0.0,0.0,0,0,0,0,0,0,0,0,0,0.0,0.0,0.0,0,0,0.0,0,0.0,0.0,0.0,0.0,1
16,36,35,0,0,0,0,0,0.0,0.0,0.0,1.0,2,6.5,0.0,0.0,2,0,0,0,0,0,0,0,0,0.0,0.0,0.0,0,0,0.0,0,0.0,0.0,0.0,0.0,1
16,35,1,0,0,0,0,2,1123426.0,1123426.0,0.0,34.0,4,2.7714,0.0,0.0,4,2,3,3,57,58,46,8,1,1.0,0.0,0.0,1,62,1.0,0,0.0,0.0,0.7931034482758621,0.016129032258064516,0
16,19662,19662,0,0,0,0,0,0.0,0.0,0.0,0.0,0,0.0,0.0,0.0,0,0,0,0,0,0,0,0,0,0.0,0.0,0.0,0,0,0.0,0,0.0,0.0,0.0,0.0,1
16,35,23,0,0,0,0,1,829228.0,829228.0,0.0,12.0,4,6.0769,0.0,0.0,4,2,3,3,29,0,1,0,0,1.0,0.0,0.0,1,62,1.0,0,0.0,0.0,0.0,0.016129032258064516,1
16,27,15,0,0,0,0,3,1052.3333,1052.3333,0.0,14.0,3,5.7333,0.0,0.0,3,1,1,8,48,58,44,13,0,1.0,0.0,0.0,1,62,1.0,0,0.0,0.0,0.7586206896551724,0.016129032258064516,1
16,19662,19662,0,0,0,0,0,0.0,0.0,0.0,0.0,0,0.0,0.0,0.0,0,0,0,0,0,0,0,0,0,0.0,0.0,0.0,0,0,0.0,0,0.0,0.0,0.0,0.0,1
16,39,39,0,0,0,0,0,0.0,0.0,0.0,0.0,1,4.0,0.0,0.0,1,0,0,0,0,0,0,0,0,0.0,0.0,0.0,0,0,0.0,0,0.0,0.0,0.0,0.0,1
16,19662,19662,0,0,0,0,0,0.0,0.0,0.0,0.0,0,0.0,0.0,0.0,0,0,0,0,0,0,0,0,0,0.0,0.0,0.0,0,0,0.0,0,0.0,0.0,0.0,0.0,1
16,19662,19662,0,0,0,0,0,0.0,0.0,0.0,0.0,0,0.0,0.0,0.0,0,0,0,0,0,0,0,0,0,0.0,0.0,0.0,0,0,0.0,0,0.0,0.0,0.0,0.0,1
16,33,33,0,0,0,0,2,783.0,783.0,0.0,27.0,3,2.75,0.0,0.0,3,1,1,1,52,58,43,12,1,1.0,0.0,0.0,1,62,1.0,0,0.0,0.0,0.7413793103448276,0.016129032258064516,1
16,19662,19662,0,0,0,0,0,0.0,0.0,0.0,0.0,0,0.0,0.0,0.0,0,0,0,0,0,0,0,0,0,0.0,0.0,0.0,0,0,0.0,0,0.0,0.0,0.0,0.0,1
16,19662,19662,0,0,0,0,0,0.0,0.0,0.0,0.0,0,0.0,0.0,0.0,0,0,0,0,0,0,0,0,0,0.0,0.0,0.0,0,0,0.0,0,0.0,0.0,0.0,0.0,1
-1,39,14,0,0,0,0,1,233.0,233.0,0.0,25.0,4,2.0769,0.0,0.0,4,1,2,4,16,0,1,0,0,1.0,0.0,0.0,1,62,1.0,0,0.0,0.0,0.0,0.016129032258064516,0
16,19662,19662,0,0,0,0,0,0.0,0.0,0.0,0.0,0,0.0,0.0,0.0,0,0,0,0,0,0,0,0,0,0.0,0.0,0.0,0,0,0.0,0,0.0,0.0,0.0,0.0,1
16,34,2,0,0,0,0,7,3390.7143,3390.7143,88.91566265,32.0,18,16.1515,54.5455,29.6111,18,6,5,24,202,69,50,16,1,0.990427354,0.8387,0.3871,26,37,0.9880341923077,144,72.0,48.0,0.7246376811594203,0.7027027027027027,0
16,21,1,0,0,0,0,2,5958.0,5958.0,0.0,20.0,10,34.619,0.0,0.0,10,3,1,28,57,59,50,5,1,1.0,1.1667,0.6667,7,56,1.0,0,0.0,0.0,0.847457627118644,0.125,0
16,33,26,0,0,0,0,0,0.0,0.0,0.0,7.0,2,0.375,0.0,0.0,2,0,0,0,0,0,0,0,0,0.0,0.0,0.0,0,0,0.0,0,0.0,0.0,0.0,0.0,1
16,19662,19662,0,0,0,0,0,0.0,0.0,0.0,0.0,0,0.0,0.0,0.0,0,0,0,0,0,0,0,0,0,0.0,0.0,0.0,0,0,0.0,0,0.0,0.0,0.0,0.0,1
16,36,30,0,0,0,0,2,329.5,329.5,0.0,6.0,2,7.7143,0.0,0.0,2,0,2,0,36,56,38,17,0,1.0,0.0,0.0,1,62,1.0,0,0.0,0.0,0.6785714285714286,0.016129032258064516,1
16,36,13,0,0,0,0,10,37006.1,37006.1,60.0,23.0,8,73.6667,0.0,0.0,8,6,6,59,650,76,58,15,1,0.996024202,6.8,1.0,34,29,0.9947963823529,93,31.0,31.0,0.7631578947368421,1.1724137931034482,0
16,33,33,0,0,0,0,0,0.0,0.0,0.0,0.0,1,5.0,0.0,0.0,1,0,0,0,0,0,0,0,0,0.0,0.0,0.0,0,0,0.0,0,0.0,0.0,0.0,0.0,1
16,19662,19662,0,0,0,0,0,0.0,0.0,0.0,0.0,0,0.0,0.0,0.0,0,0,0,0,0,0,0,0,0,0.0,0.0,0.0,0,0,0.0,0,0.0,0.0,0.0,0.0,1
16,19662,19662,0,0,0,0,0,0.0,0.0,0.0,0.0,0,0.0,0.0,0.0,0,0,0,0,0,0,0,0,0,0.0,0.0,0.0,0,0,0.0,0,0.0,0.0,0.0,0.0,1
16,36,0,0,0,0,0,16,5994.4375,5994.4375,72.4857685,36.0,22,34.5676,59.4595,58.1364,22,7,10,57,591,100,82,11,0,0.979310345,1.2571,0.4,44,43,0.9886363636364,99,6.6,19.8,0.82,1.0232558139534884,0
16,36,1,0,0,0,0,4,1060.0,1060.0,93.243243243,35.0,8,12.1667,0.0,0.0,8,5,3,22,150,65,55,6,1,0.994897959,0.6,0.2,21,42,0.9940476190476,12,0.0,12.0,0.8461538461538461,0.5,0
16,19662,19662,0,0,0,0,0,0.0,0.0,0.0,0.0,0,0.0,0.0,0.0,0,0,0,0,0,0,0,0,0,0.0,0.0,0.0,0,0,0.0,0,0.0,0.0,0.0,0.0,1
16,19662,19662,0,0,0,0,0,0.0,0.0,0.0,0.0,0,0.0,0.0,0.0,0,0,0,0,0,0,0,0,0,0.0,0.0,0.0,0,0,0.0,0,0.0,0.0,0.0,0.0,1
16,33,27,0,0,0,0,0,0.0,0.0,0.0,6.0,3,1.7143,0.0,0.0,3,0,0,0,0,0,0,0,0,0.0,0.0,0.0,0,0,0.0,0,0.0,0.0,0.0,0.0,1
16,19662,19662,0,0,0,0,0,0.0,0.0,0.0,0.0,1,2.0,0.0,0.0,1,0,0,0,0,0,0,0,0,0.0,0.0,0.0,0,0,0.0,0,0.0,0.0,0.0,0.0,1
16,19662,19662,0,0,0,0,0,0.0,0.0,0.0,0.0,0,0.0,0.0,0.0,0,0,0,0,0,0,0,0,0,0.0,0.0,0.0,0,0,0.0,0,0.0,0.0,0.0,0.0,1
-1,34,34,0,0,0,0,0,0.0,0.0,0.0,0.0,1,1.0,0.0,0.0,1,0,0,0,0,0,0,0,0,0.0,0.0,0.0,0,0,0.0,0,0.0,0.0,0.0,0.0,1
-1,34,34,0,0,0,0,0,0.0,0.0,0.0,7.0,2,0.5,0.0,0.0,2,0,0,0,0,0,0,0,0,0.0,0.0,0.0,0,0,0.0,0,0.0,0.0,0.0,0.0,1
-1,34,2,0,0,0,0,2,255.5,255.5,0.0,32.0,5,7.5455,0.0,0.0,5,3,2,18,28,57,39,15,1,0.958884303,0.6154,0.1538,16,47,0.9575994375,0,0.0,0.0,0.6842105263157895,0.3404255319148936,0
-1,33,25,0,0,0,0,0,0.0,0.0,0.0,8.0,2,1.4444,0.0,0.0,2,0,0,0,0,0,0,0,0,0.0,0.0,0.0,0,0,0.0,0,0.0,0.0,0.0,0.0,1
-1,33,33,0,0,0,0,0,0.0,0.0,0.0,0.0,1,1.0,0.0,0.0,1,0,0,0,0,0,0,0,0,0.0,0.0,0.0,0,0,0.0,0,0.0,0.0,0.0,0.0,1
-1,33,16,0,0,0,0,2,1782.0,1782.0,0.0,17.0,5,8.5556,0.0,0.0,5,1,2,4,53,59,53,2,1,0.95,1.2,0.4,6,57,0.9458333333333,0,0.0,0.0,0.8983050847457628,0.10526315789473684,1
-1,32,3,0,0,0,0,2,347.5,347.5,0.0,29.0,3,2.3,0.0,0.0,3,0,1,0,46,54,41,12,0,1.0,0.0,0.0,1,62,1.0,0,0.0,0.0,0.7592592592592593,0.016129032258064516,0
-1,32,32,0,0,0,0,0,0.0,0.0,0.0,0.0,1,1.0,0.0,0.0,1,0,0,0,0,0,0,0,0,0.0,0.0,0.0,0,0,0.0,0,0.0,0.0,0.0,0.0,1
16,19662,19662,0,0,0,0,0,0.0,0.0,0.0,0.0,0,0.0,0.0,0.0,0,0,0,0,0,0,0,0,0,0.0,0.0,0.0,0,0,0.0,0,0.0,0.0,0.0,0.0,1
16,19662,19662,0,0,0,0,0,0.0,0.0,0.0,0.0,0,0.0,0.0,0.0,0,0,0,0,0,0,0,0,0,0.0,0.0,0.0,0,0,0.0,0,0.0,0.0,0.0,0.0,1
16,19662,19662,0,0,0,0,0,0.0,0.0,0.0,0.0,0,0.0,0.0,0.0,0,0,0,0,0,0,0,0,0,0.0,0.0,0.0,0,0,0.0,0,0.0,0.0,0.0,0.0,1
16,30,27,0,0,0,0,0,0.0,0.0,0.0,3.0,2,2.0,0.0,0.0,2,0,0,0,0,0,0,0,0,0.0,0.0,0.0,0,0,0.0,0,0.0,0.0,0.0,0.0,1
16,32,2,0,0,0,0,8,109588.5,109588.5,96.515837104,30.0,4,17.9355,0.0,0.0,4,2,4,25,210,74,66,5,1,0.989730642,1.5,0.15,30,33,0.9861363666667,22,0.0,22.0,0.8918918918918919,0.9090909090909091,0
16,19662,19662,0,0,0,0,0,0.0,0.0,0.0,0.0,0,0.0,0.0,0.0,0,0,0,0,0,0,0,0,0,0.0,0.0,0.0,0,0,0.0,0,0.0,0.0,0.0,0.0,1
16,19662,19662,0,0,0,0,0,0.0,0.0,0.0,0.0,0,0.0,0.0,0.0,0,0,0,0,0,0,0,0,0,0.0,0.0,0.0,0,0,0.0,0,0.0,0.0,0.0,0.0,1
16,19662,19662,0,0,0,0,0,0.0,0.0,0.0,0.0,0,0.0,0.0,0.0,0,0,0,0,0,0,0,0,0,0.0,0.0,0.0,0,0,0.0,0,0.0,0.0,0.0,0.0,1
16,29,5,0,0,0,0,2,610.0,610.0,0.0,24.0,12,15.64,48.0,32.5833,12,3,3,48,44,57,38,16,1,0.987232033,0.913,0.3478,21,66,0.981456047619,1,0.0,1.0,0.6666666666666666,0.3181818181818182,0
16,19662,19662,0,0,0,0,0,0.0,0.0,0.0,0.0,0,0.0,0.0,0.0,0,0,0,0,0,0,0,0,0,0.0,0.0,0.0,0,0,0.0,0,0.0,0.0,0.0,0.0,1
16,32,23,0,0,0,0,2,316.0,316.0,0.0,9.0,3,8.7,0.0,0.0,3,0,1,0,34,44,33,7,1,1.0,0.6667,0.6667,2,61,1.0,0,0.0,0.0,0.75,0.03278688524590164,1
16,4,4,0,0,0,0,0,0.0,0.0,0.0,22.0,2,0.2609,0.0,0.0,2,0,0,0,0,0,0,0,0,0.0,0.0,0.0,0,0,0.0,0,0.0,0.0,0.0,0.0,0
16,19662,19662,0,0,0,0,0,0.0,0.0,0.0,0.0,0,0.0,0.0,0.0,0,0,0,0,0,0,0,0,0,0.0,0.0,0.0,0,0,0.0,0,0.0,0.0,0.0,0.0,1
16,19662,19662,0,0,0,0,0,0.0,0.0,0.0,0.0,0,0.0,0.0,0.0,0,0,0,0,0,0,0,0,0,0.0,0.0,0.0,0,0,0.0,0,0.0,0.0,0.0,0.0,1
16,19662,19662,0,0,0,0,0,0.0,0.0,0.0,0.0,0,0.0,0.0,0.0,0,0,0,0,0,0,0,0,0,0.0,0.0,0.0,0,0,0.0,0,0.0,0.0,0.0,0.0,1
16,19662,19662,0,0,0,0,0,0.0,0.0,0.0,0.0,0,0.0,0.0,0.0,0,0,0,0,0,0,0,0,0,0.0,0.0,0.0,0,0,0.0,0,0.0,0.0,0.0,0.0,1
16,31,5,0,0,0,0,1,59.0,59.0,0.0,26.0,6,12.0741,0.0,0.0,6,1,2,12,21,14,1,0,0,1.0,0.0,0.0,1,62,1.0,0,0.0,0.0,0.07142857142857142,0.016129032258064516,0
16,19662,19662,0,0,0,0,0,0.0,0.0,0.0,0.0,0,0.0,0.0,0.0,0,0,0,0,0,0,0,0,0,0.0,0.0,0.0,0,0,0.0,0,0.0,0.0,0.0,0.0,1
-1,19662,19662,0,0,0,0,0,0.0,0.0,0.0,0.0,0,0.0,0.0,0.0,0,0,0,0,0,0,0,0,0,0.0,0.0,0.0,0,0,0.0,0,0.0,0.0,0.0,0.0,1
16,19662,19662,0,0,0,0,0,0.0,0.0,0.0,0.0,1,2.0,0.0,0.0,1,0,0,0,0,0,0,0,0,0.0,0.0,0.0,0,0,0.0,0,0.0,0.0,0.0,0.0,1
16,19662,19662,0,0,0,0,0,0.0,0.0,0.0,0.0,0,0.0,0.0,0.0,0,0,0,0,0,0,0,0,0,0.0,0.0,0.0,0,0,0.0,0,0.0,0.0,0.0,0.0,1
16,23,8,0,0,0,0,0,0.0,0.0,0.0,15.0,2,0.5,0.0,0.0,2,0,0,0,0,0,0,0,0,0.0,0.0,0.0,0,0,0.0,0,0.0,0.0,0.0,0.0,0
16,19662,19662,0,0,0,0,0,0.0,0.0,0.0,0.0,0,0.0,0.0,0.0,0,0,0,0,0,0,0,0,0,0.0,0.0,0.0,0,0,0.0,0,0.0,0.0,0.0,0.0,1
16,19662,19662,0,0,0,0,0,0.0,0.0,0.0,0.0,0,0.0,0.0,0.0,0,0,0,0,0,0,0,0,0,0.0,0.0,0.0,0,0,0.0,0,0.0,0.0,0.0,0.0,1
16,19662,19662,0,0,0,0,0,0.0,0.0,0.0,0.0,0,0.0,0.0,0.0,0,0,0,0,0,0,0,0,0,0.0,0.0,0.0,0,0,0.0,0,0.0,0.0,0.0,0.0,1
16,1,1,0,0,0,0,0,0.0,0.0,0.0,0.0,1,2.0,0.0,0.0,1,0,0,0,0,0,0,0,0,0.0,0.0,0.0,0,0,0.0,0,0.0,0.0,0.0,0.0,0
16,28,28,0,0,0,0,2,1078.0,1078.0,0.0,0.0,1,73.0,0.0,0.0,1,0,1,0,53,59,50,5,1,1.0,0.0,0.0,2,61,1.0,0,0.0,0.0,0.847457627118644,0.03278688524590164,1
16,27,27,0,0,0,0,1,108.0,108.0,0.0,0.0,1,93.0,0.0,0.0,1,1,1,2,61,44,1,0,0,1.0,0.0,0.0,1,62,1.0,0,0.0,0.0,0.022727272727272728,0.016129032258064516,1
16,19662,19662,0,0,0,0,0,0.0,0.0,0.0,0.0,0,0.0,0.0,0.0,0,0,0,0,0,0,0,0,0,0.0,0.0,0.0,0,0,0.0,0,0.0,0.0,0.0,0.0,1
16,28,23,0,0,0,0,0,0.0,0.0,0.0,5.0,2,3.0,0.0,0.0,2,0,1,0,8,0,0,0,0,0.0,0.0,0.0,0,0,0.0,0,0.0,0.0,0.0,0.0,1
16,19662,19662,0,0,0,0,0,0.0,0.0,0.0,0.0,0,0.0,0.0,0.0,0,0,0,0,0,0,0,0,0,0.0,0.0,0.0,0,0,0.0,0,0.0,0.0,0.0,0.0,1
16,28,28,0,0,0,0,0,0.0,0.0,0.0,0.0,1,5.0,0.0,0.0,1,0,0,0,0,0,0,0,0,0.0,0.0,0.0,0,0,0.0,0,0.0,0.0,0.0,0.0,1
16,19662,19662,0,0,0,0,0,0.0,0.0,0.0,0.0,0,0.0,0.0,0.0,0,0,0,0,0,0,0,0,0,0.0,0.0,0.0,0,0,0.0,0,0.0,0.0,0.0,0.0,1
16,28,5,0,0,0,0,2,991.0,991.0,0.0,23.0,11,13.7917,45.8333,30.0909,11,4,2,24,65,57,42,11,1,0.996428571,0.7727,0.3636,17,46,0.9963235294118,2,0.0,2.0,0.7368421052631579,0.3695652173913043,0
16,19662,19662,0,0,0,0,0,0.0,0.0,0.0,0.0,0,0.0,0.0,0.0,0,0,0,0,0,0,0,0,0,0.0,0.0,0.0,0,0,0.0,0,0.0,0.0,0.0,0.0,1
16,19662,19662,0,0,0,0,0,0.0,0.0,0.0,0.0,0,0.0,0.0,0.0,0,0,0,0,0,0,0,0,0,0.0,0.0,0.0,0,0,0.0,0,0.0,0.0,0.0,0.0,1
16,10,10,0,0,0,0,0,0.0,0.0,0.0,0.0,1,7.0,0.0,0.0,1,0,0,0,0,0,0,0,0,0.0,0.0,0.0,0,0,0.0,0,0.0,0.0,0.0,0.0,0
16,19662,19662,0,0,0,0,0,0.0,0.0,0.0,0.0,0,0.0,0.0,0.0,0,0,0,0,0,0,0,0,0,0.0,0.0,0.0,0,0,0.0,0,0.0,0.0,0.0,0.0,1
16,19662,19662,0,0,0,0,0,0.0,0.0,0.0,0.0,0,0.0,0.0,0.0,0,0,0,0,0,0,0,0,0,0.0,0.0,0.0,0,0,0.0,0,0.0,0.0,0.0,0.0,1
16,19662,19662,0,0,0,0,0,0.0,0.0,0.0,0.0,0,0.0,0.0,0.0,0,0,0,0,0,0,0,0,0,0.0,0.0,0.0,0,0,0.0,0,0.0,0.0,0.0,0.0,1
16,19662,19662,0,0,0,0,0,0.0,0.0,0.0,0.0,0,0.0,0.0,0.0,0,0,0,0,0,0,0,0,0,0.0,0.0,0.0,0,0,0.0,0,0.0,0.0,0.0,0.0,1
16,28,28,0,0,0,0,0,0.0,0.0,0.0,0.0,1,5.0,0.0,0.0,1,0,0,0,0,0,0,0,0,0.0,0.0,0.0,0,0,0.0,0,0.0,0.0,0.0,0.0,1
16,28,28,0,0,0,0,2,66.0,66.0,0.0,0.0,1,32.0,0.0,0.0,1,0,1,0,23,0,2,0,0,1.0,0.0,0.0,1,62,1.0,0,0.0,0.0,0.0,0.016129032258064516,1
16,19662,19662,0,0,0,0,0,0.0,0.0,0.0,0.0,0,0.0,0.0,0.0,0,0,0,0,0,0,0,0,0,0.0,0.0,0.0,0,0,0.0,0,0.0,0.0,0.0,0.0,1
16,19662,19662,0,0,0,0,0,0.0,0.0,0.0,0.0,0,0.0,0.0,0.0,0,0,0,0,0,0,0,0,0,0.0,0.0,0.0,0,0,0.0,0,0.0,0.0,0.0,0.0,1
16,19662,19662,0,0,0,0,0,0.0,0.0,0.0,0.0,0,0.0,0.0,0.0,0,0,0,0,0,0,0,0,0,0.0,0.0,0.0,0,0,0.0,0,0.0,0.0,0.0,0.0,1
-1,27,4,0,0,0,0,2,256678.0,256678.0,0.0,23.0,5,3.9583,0.0,0.0,5,1,3,1,46,59,47,8,1,0.92,0.1538,0.1538,2,61,0.9,0,0.0,0.0,0.7966101694915254,0.03278688524590164,0
16,15,2,0,0,0,0,2,571643.5,571643.5,0.0,13.0,2,5.2857,0.0,0.0,2,0,2,0,39,59,44,11,1,0.92,0.1538,0.1538,2,61,0.9,0,0.0,0.0,0.7457627118644068,0.03278688524590164,0
16,19662,19662,0,0,0,0,0,0.0,0.0,0.0,0.0,0,0.0,0.0,0.0,0,0,0,0,0,0,0,0,0,0.0,0.0,0.0,0,0,0.0,0,0.0,0.0,0.0,0.0,1
-1,22,2,0,0,0,0,5,95553.0,32871.5,31.560283687,20.0,11,27.7619,52.381,53.0,11,6,5,25,200,58,41,14,1,0.93597561,1.6667,0.5,20,43,0.934375,7,0.0,7.0,0.7068965517241379,0.46511627906976744,0
